{
"type": "FeatureCollection",
"name": "stadsdelsomraden",
"crs": { "type": "name", "properties": { "name": "urn:ogc:def:crs:OGC:1.3:CRS84" } },
"features": [
{ "type": "Feature", "properties": { "omrade_namn": "Bromma", "omrade": "Bromma", "folkmangd": 83118, "areal_land_ha": 2460, "areal_vatten_ha": 310, "tathet_inv_per_ha_land": 33.79, "areal_totalt_ha": 2770, "kalla": "Stockholms statistiska årsbok tabell 2.4, 2024-12-31" }, "geometry": { "type": "Polygon", "coordinates": [ [ [ 17.910654641282527, 59.326731314408399 ], [ 17.908456955260814, 59.327423785715396 ], [ 17.906815309868055, 59.327792078509162 ], [ 17.901706280721047, 59.33009074520303 ], [ 17.897571484967447, 59.332352908087927 ], [ 17.896080858579396, 59.333168313401345 ], [ 17.892787191554262, 59.334090784410023 ], [ 17.891449334591229, 59.334465464139207 ], [ 17.889331642794087, 59.334297792910441 ], [ 17.886302872126709, 59.33405785278822 ], [ 17.885621254409216, 59.334349287980416 ], [ 17.883712432738715, 59.335165366313902 ], [ 17.883559286241681, 59.335230838666412 ], [ 17.882684558489313, 59.335604785446016 ], [ 17.878245997335295, 59.33658252707346 ], [ 17.876757740491314, 59.337427343532184 ], [ 17.874605227269146, 59.338648968819278 ], [ 17.870127740930148, 59.33934693676224 ], [ 17.864854638494311, 59.341985603250357 ], [ 17.868303799753974, 59.34568085686913 ], [ 17.869433247238433, 59.34582686212579 ], [ 17.869404689097951, 59.345880958825134 ], [ 17.869404323450119, 59.345947726554492 ], [ 17.869442985992151, 59.345983868727004 ], [ 17.869470981085911, 59.34603263448188 ], [ 17.869498820650623, 59.346106660358728 ], [ 17.869487975416423, 59.346151761142899 ], [ 17.869434675590419, 59.3462112259432 ], [ 17.869430915583653, 59.346252728461124 ], [ 17.869405840360063, 59.346315851726089 ], [ 17.869384285731336, 59.346384393007149 ], [ 17.869338033307464, 59.346443876943255 ], [ 17.869337716972446, 59.34650161418439 ], [ 17.869344535434678, 59.346546740730503 ], [ 17.869316085170428, 59.346580981223127 ], [ 17.869280507775546, 59.346629654744348 ], [ 17.869232497265727, 59.346689136070822 ], [ 17.869201760494889, 59.346736452227582 ], [ 17.869141403514387, 59.346794111276928 ], [ 17.869102364365634, 59.346826541021734 ], [ 17.869063312953475, 59.346864374644774 ], [ 17.869066360695424, 59.346952799011781 ], [ 17.869027073618284, 59.347030335987547 ], [ 17.869026806213956, 59.347079060784175 ], [ 17.86902656861422, 59.34712237273164 ], [ 17.868998184631668, 59.347147591664672 ], [ 17.86897696764251, 59.34715116950936 ], [ 17.868902417736017, 59.347139786426183 ], [ 17.868280724812486, 59.347170343878865 ], [ 17.867829198294825, 59.347399863273154 ], [ 17.867638157351458, 59.347552464836134 ], [ 17.867459389508337, 59.347630901151511 ], [ 17.86760786027272, 59.347700903053756 ], [ 17.867727524817273, 59.347764273744218 ], [ 17.867758235120345, 59.347779552061795 ], [ 17.868196399135801, 59.348014527406598 ], [ 17.868578828822947, 59.348219303101637 ], [ 17.868641220859892, 59.348255973713982 ], [ 17.868646595127579, 59.348272848634835 ], [ 17.868639329343601, 59.348328681568802 ], [ 17.868741249443222, 59.34840457462483 ], [ 17.868824018098866, 59.348456570994102 ], [ 17.869193323757326, 59.348681155094852 ], [ 17.869788489638477, 59.349051055617622 ], [ 17.869920631660591, 59.349117036441527 ], [ 17.870474163510966, 59.349468866488621 ], [ 17.870674384132734, 59.349613454261139 ], [ 17.870915604405688, 59.349789509757755 ], [ 17.871181337116564, 59.350036138361496 ], [ 17.871427552764501, 59.350320395294119 ], [ 17.871484235712199, 59.35037067385479 ], [ 17.871537782616823, 59.350402707371437 ], [ 17.871663236484913, 59.350455463249332 ], [ 17.871777348235703, 59.350492718143713 ], [ 17.871855485497598, 59.350515334320292 ], [ 17.872085609173006, 59.350573347305783 ], [ 17.872173220099434, 59.350596228236085 ], [ 17.872384058260252, 59.350654805535981 ], [ 17.872552289031077, 59.350693267982017 ], [ 17.872745995198471, 59.350721138115574 ], [ 17.873061109188946, 59.3507437499389 ], [ 17.87325297354414, 59.350757846650758 ], [ 17.873487007390541, 59.35077881615652 ], [ 17.873732534956726, 59.350810268264503 ], [ 17.873901850473725, 59.350850103882451 ], [ 17.873999504775504, 59.35088218090911 ], [ 17.874075212761976, 59.350915833606322 ], [ 17.87416578596708, 59.350993797938415 ], [ 17.874217269555768, 59.351074166498726 ], [ 17.874248117008399, 59.351170897211198 ], [ 17.874260779394437, 59.351239460561921 ], [ 17.874281341944723, 59.351353070683317 ], [ 17.874299056445743, 59.351393813670818 ], [ 17.874315246943482, 59.351416960292447 ], [ 17.874432000546776, 59.351587178129648 ], [ 17.874473057737791, 59.35163170627532 ], [ 17.87462736692455, 59.351704553739438 ], [ 17.874732587059356, 59.351735931655931 ], [ 17.874978111414496, 59.351790675346884 ], [ 17.875174149766774, 59.351822880592884 ], [ 17.875286380261173, 59.351837508379809 ], [ 17.875388331297135, 59.351841538379567 ], [ 17.875452098783938, 59.351839563136487 ], [ 17.875580415753156, 59.351827409252806 ], [ 17.875644775052383, 59.351816592824036 ], [ 17.875844070868769, 59.351768550853535 ], [ 17.876542637587363, 59.351595658953826 ], [ 17.876580176332652, 59.351590612576068 ], [ 17.876669547971879, 59.351579983132169 ], [ 17.876752816265444, 59.351573357695038 ], [ 17.876881804593207, 59.351566903559664 ], [ 17.876966301173965, 59.351564022915845 ], [ 17.877038676336785, 59.351559662221803 ], [ 17.877129289383056, 59.351550228056311 ], [ 17.877223330802767, 59.351534039310927 ], [ 17.877289843402917, 59.351521375910785 ], [ 17.877380888360317, 59.351499994336244 ], [ 17.877462264908797, 59.351478680094587 ], [ 17.877624675134616, 59.351437702737073 ], [ 17.877814790267397, 59.351396314605758 ], [ 17.878088392287992, 59.351336540979425 ], [ 17.8787654334017, 59.351191919561295 ], [ 17.878953135860311, 59.351164296605532 ], [ 17.879061607120914, 59.351154786918791 ], [ 17.87921440977286, 59.351152106472398 ], [ 17.879791077566761, 59.351151784174974 ], [ 17.880282242301323, 59.351155498780038 ], [ 17.880316090935395, 59.351153435523187 ], [ 17.880432590981734, 59.351154860235418 ], [ 17.880578837349706, 59.351158856764812 ], [ 17.880690424198697, 59.351155211715678 ], [ 17.88079457569642, 59.351151556453736 ], [ 17.880896257115921, 59.351142826011227 ], [ 17.880963194030763, 59.351142917017015 ], [ 17.881059890178079, 59.351143048507673 ], [ 17.881116856280524, 59.351150729100496 ], [ 17.881286986016192, 59.351179622486903 ], [ 17.881660247213233, 59.351270298548357 ], [ 17.882056194408037, 59.351369684637454 ], [ 17.882527476451322, 59.351566683848858 ], [ 17.88367977673748, 59.351157077415976 ], [ 17.883739612659795, 59.351112121961265 ], [ 17.884072137192657, 59.351361433774208 ], [ 17.884324454608997, 59.351539190107644 ], [ 17.884384941312494, 59.351569873336594 ], [ 17.884352238563501, 59.351609121067085 ], [ 17.884298031455749, 59.35172503792122 ], [ 17.884243899189627, 59.351860587120306 ], [ 17.884323989932021, 59.351900776280935 ], [ 17.884521584346864, 59.351938815920164 ], [ 17.884732780091923, 59.352029334090147 ], [ 17.884859286466707, 59.352095483159573 ], [ 17.884889047963597, 59.352091725806211 ], [ 17.884980807624267, 59.35208805141486 ], [ 17.885079991636616, 59.352083112059596 ], [ 17.885161800248049, 59.352083221463502 ], [ 17.88528323728541, 59.352092252755348 ], [ 17.885344843600901, 59.352096778519865 ], [ 17.885728991813522, 59.35194593233399 ], [ 17.886199885707455, 59.352207407387809 ], [ 17.886467382755633, 59.352337755932368 ], [ 17.886801057071654, 59.352493963906788 ], [ 17.88705082551207, 59.352609637565529 ], [ 17.887333365894712, 59.352745533918927 ], [ 17.88741980550337, 59.352793279002235 ], [ 17.887503958013976, 59.352848399898519 ], [ 17.887540659138171, 59.352873466757515 ], [ 17.887627344188516, 59.352936335639804 ], [ 17.887701704182732, 59.352999682177227 ], [ 17.887803861704025, 59.353097302063667 ], [ 17.887864821174169, 59.353161744237404 ], [ 17.887982004247736, 59.353313261813256 ], [ 17.888053296103962, 59.353428013877476 ], [ 17.888080255000016, 59.353482438977615 ], [ 17.88810872429686, 59.35355826640729 ], [ 17.888133611725497, 59.353629717552408 ], [ 17.888164346066858, 59.353762460515412 ], [ 17.888175065853101, 59.353854782232546 ], [ 17.888171097536045, 59.353952372269845 ], [ 17.888160570761755, 59.353997421850082 ], [ 17.888114579794927, 59.354156160943283 ], [ 17.888029899012931, 59.354391376704001 ], [ 17.88788632503945, 59.354794892926627 ], [ 17.887783054701913, 59.355122212664881 ], [ 17.887765165616972, 59.355176821929597 ], [ 17.887799884310898, 59.355223034355795 ], [ 17.887832855633398, 59.355253095258 ], [ 17.887963998214204, 59.35537429845688 ], [ 17.887981918263055, 59.355422454909281 ], [ 17.887981731392486, 59.35549497778058 ], [ 17.887964758022111, 59.355605558276579 ], [ 17.88807439508232, 59.355735019007291 ], [ 17.888542824497968, 59.356086488899805 ], [ 17.889034603030098, 59.356446739516663 ], [ 17.889604905728575, 59.356875365859928 ], [ 17.889921040030341, 59.3571094531707 ], [ 17.890191067435321, 59.357289009919462 ], [ 17.890899283176083, 59.35771608311881 ], [ 17.891086380604289, 59.357828799394653 ], [ 17.892417661139604, 59.358627178118795 ], [ 17.892626012695814, 59.358731741112003 ], [ 17.892931313539673, 59.358934370816115 ], [ 17.893198221679107, 59.359150686078308 ], [ 17.893425164743093, 59.359378530665872 ], [ 17.893610392804952, 59.359616017653181 ], [ 17.893789697343845, 59.35995922484031 ], [ 17.894655283193121, 59.359894881101425 ], [ 17.897648741618809, 59.359672290754105 ], [ 17.897814968350705, 59.360258467794253 ], [ 17.897752456685602, 59.360285312758208 ], [ 17.897663390215342, 59.360320527609844 ], [ 17.897493453539859, 59.360330706265501 ], [ 17.897018880012908, 59.360676726457605 ], [ 17.897017254814266, 59.36069686821282 ], [ 17.897110496830713, 59.361050378336813 ], [ 17.898572937018784, 59.361808081763101 ], [ 17.898613665244149, 59.361777242238745 ], [ 17.899131606019413, 59.361907618844803 ], [ 17.899626702327495, 59.362462065752332 ], [ 17.899767398836705, 59.362536509424558 ], [ 17.900028667925369, 59.36282014869623 ], [ 17.900053275675383, 59.362848203309575 ], [ 17.899789318712553, 59.362934306786023 ], [ 17.899714516126611, 59.362956584853748 ], [ 17.899297517269297, 59.363110443204114 ], [ 17.899021973837087, 59.363213855546022 ], [ 17.898840730544141, 59.363288290451649 ], [ 17.898622161759953, 59.363398109328422 ], [ 17.898552665787129, 59.363420797132036 ], [ 17.898651491725186, 59.363482919267142 ], [ 17.898691005267047, 59.363512069633884 ], [ 17.898722954252388, 59.363563983953647 ], [ 17.898727596742479, 59.363611852250941 ], [ 17.898704650548609, 59.363681526426745 ], [ 17.898532195437376, 59.364039457888019 ], [ 17.898490060931746, 59.364168595469572 ], [ 17.898473183215213, 59.364259784746395 ], [ 17.898461202940524, 59.364385898419378 ], [ 17.898503179965754, 59.364525238124813 ], [ 17.898550694995166, 59.364587647227616 ], [ 17.898666411465996, 59.364700139228674 ], [ 17.89873586443461, 59.364768059849524 ], [ 17.898826776163045, 59.364823870562482 ], [ 17.899074975786036, 59.365029601994941 ], [ 17.89918204278332, 59.365105342129091 ], [ 17.899644344225386, 59.365374618766225 ], [ 17.900448923593729, 59.365869934240315 ], [ 17.900565007979097, 59.365910433591246 ], [ 17.900615947346097, 59.365934067721454 ], [ 17.900708751047581, 59.365948022151741 ], [ 17.90092689275081, 59.365964570118386 ], [ 17.901478526824516, 59.365992571038248 ], [ 17.901522256363496, 59.365990065577876 ], [ 17.901556256711629, 59.365981013523701 ], [ 17.901581451054579, 59.365967255862408 ], [ 17.903107213100981, 59.364982682237084 ], [ 17.904233335153016, 59.364252088093224 ], [ 17.904491586628765, 59.364077463372645 ], [ 17.906095970229604, 59.363056778532084 ], [ 17.906497653863742, 59.362836795450434 ], [ 17.906641081482732, 59.362776375467554 ], [ 17.906849966059678, 59.362580348213598 ], [ 17.907011232198041, 59.362462632438465 ], [ 17.907100552328046, 59.362401629924925 ], [ 17.907184584252992, 59.36236718305878 ], [ 17.907324870927312, 59.362332332944796 ], [ 17.907621051626133, 59.362272111159839 ], [ 17.907889544387892, 59.362217836049496 ], [ 17.908027873136131, 59.362180074495207 ], [ 17.908358892205076, 59.362094567363442 ], [ 17.908603489303527, 59.3620353716274 ], [ 17.908713358686288, 59.362018959797538 ], [ 17.908959991739152, 59.361988374086621 ], [ 17.909302282287332, 59.361946036551487 ], [ 17.909621559504778, 59.361950673903351 ], [ 17.91081048428746, 59.361964971078166 ], [ 17.910819924580824, 59.362115464987617 ], [ 17.911425689543318, 59.362120261065698 ], [ 17.913237365157613, 59.362131398649773 ], [ 17.914839181389226, 59.361906290041325 ], [ 17.914786379862679, 59.361383364137211 ], [ 17.914748448836804, 59.36119662663863 ], [ 17.914815546403709, 59.361188172907347 ], [ 17.916272094578265, 59.361044765061109 ], [ 17.916259501699653, 59.360967225567727 ], [ 17.916672829656626, 59.36092382587146 ], [ 17.916832665116459, 59.361485146162167 ], [ 17.917439269432204, 59.362548410467369 ], [ 17.918435827201222, 59.363267367014487 ], [ 17.918997047419129, 59.363299077474345 ], [ 17.919940385519041, 59.36341296673428 ], [ 17.920395028384167, 59.363710958325676 ], [ 17.919989600537761, 59.364078007516163 ], [ 17.920286269745262, 59.364527744227388 ], [ 17.921499548561375, 59.36509707503221 ], [ 17.921918358643037, 59.36537159479397 ], [ 17.922021473062731, 59.365558541578814 ], [ 17.922073905102444, 59.365776602505079 ], [ 17.92229586337875, 59.36663984587188 ], [ 17.922636950575864, 59.367210457427227 ], [ 17.922958193866215, 59.367568086064331 ], [ 17.923326422926305, 59.367831696847603 ], [ 17.925211715414477, 59.369209369481439 ], [ 17.925583586890035, 59.369480628314797 ], [ 17.926336012562899, 59.369300058872909 ], [ 17.926803884592211, 59.36919241797095 ], [ 17.927449353405407, 59.369061691004916 ], [ 17.927628657035651, 59.369023616676543 ], [ 17.927814435591195, 59.368998860052841 ], [ 17.928049078369231, 59.368967501215032 ], [ 17.928313019039461, 59.368946143923537 ], [ 17.928775831026456, 59.368878426847282 ], [ 17.929193013371549, 59.368817304829314 ], [ 17.9296053353738, 59.368747873756554 ], [ 17.929862851904218, 59.368698232314316 ], [ 17.93049223100876, 59.368512594741745 ], [ 17.930876955698192, 59.368413188240233 ], [ 17.931186583372977, 59.368366934667151 ], [ 17.931418078419505, 59.368308952745636 ], [ 17.932099287985096, 59.368780674659085 ], [ 17.932981742374938, 59.369393342143155 ], [ 17.933561347218664, 59.369797933619026 ], [ 17.934413119690824, 59.370357962107889 ], [ 17.9348862414863, 59.370241098414553 ], [ 17.935363437438721, 59.370059591358562 ], [ 17.936465695069725, 59.369786938946589 ], [ 17.942098377506831, 59.368394400486977 ], [ 17.944455186285008, 59.367810762756797 ], [ 17.944891537154003, 59.367702590156625 ], [ 17.946284891848666, 59.367357138908311 ], [ 17.946270664955168, 59.367346103479981 ], [ 17.947765305482264, 59.367029223137529 ], [ 17.947826373542725, 59.367048942113783 ], [ 17.948451202378891, 59.366903876767289 ], [ 17.94876331050089, 59.366805480796856 ], [ 17.949950629405819, 59.366506633637442 ], [ 17.950009460792536, 59.366499607991379 ], [ 17.951349379931813, 59.366153035639286 ], [ 17.951044876219171, 59.36559528917347 ], [ 17.951959050992649, 59.365299398153738 ], [ 17.952743061172914, 59.364843019392502 ], [ 17.953048131729116, 59.364684237121949 ], [ 17.953366031330763, 59.364555490928751 ], [ 17.953609475514671, 59.364452047344713 ], [ 17.954034270697036, 59.364269180450663 ], [ 17.954871527095097, 59.363904419728783 ], [ 17.956980171091981, 59.362997932870663 ], [ 17.957616529561012, 59.362670135607395 ], [ 17.957828607205911, 59.36256063156916 ], [ 17.957991517401958, 59.362476969635416 ], [ 17.959032902061146, 59.361905991131458 ], [ 17.959072600198777, 59.361881339917026 ], [ 17.959980255703606, 59.361268245527341 ], [ 17.960398917306385, 59.360679549227733 ], [ 17.960723229392919, 59.36025570035099 ], [ 17.960711979153213, 59.360207066485835 ], [ 17.961244547036468, 59.359667073723095 ], [ 17.96143549713959, 59.359539798023583 ], [ 17.961805838274088, 59.359292320932241 ], [ 17.961817134873495, 59.359285417871369 ], [ 17.961836453147825, 59.359272541168686 ], [ 17.962597294364514, 59.358804520404938 ], [ 17.963123195515529, 59.35829494290909 ], [ 17.963123808624601, 59.358294341386234 ], [ 17.963124936442345, 59.358293255990638 ], [ 17.963311011055449, 59.358112943243526 ], [ 17.963738788762619, 59.357426369852874 ], [ 17.963752928328539, 59.357406648475461 ], [ 17.96381124259873, 59.357313445319129 ], [ 17.964181962698881, 59.35680823453896 ], [ 17.964238451333209, 59.356729442934594 ], [ 17.964629458356534, 59.356198373928926 ], [ 17.965795403043167, 59.355204081781608 ], [ 17.966494956178753, 59.353839670639637 ], [ 17.970280624097654, 59.351647201095133 ], [ 17.97364424985761, 59.34992097704037 ], [ 17.975690085168083, 59.348955424861245 ], [ 17.978205803941432, 59.348055742682639 ], [ 17.981455677233495, 59.345036218346976 ], [ 17.987269877248274, 59.344093530956542 ], [ 17.992921737340197, 59.342590099432726 ], [ 17.998238412311355, 59.340746008584695 ], [ 17.997122556969842, 59.339004125578136 ], [ 17.997107118317885, 59.338980008213568 ], [ 17.996511620985753, 59.338511598912902 ], [ 17.994021479742262, 59.336852072508179 ], [ 17.993824320084936, 59.336652941662351 ], [ 17.993697807874618, 59.336469108431643 ], [ 17.993621495087844, 59.336343774534491 ], [ 17.993561349524917, 59.336127509116046 ], [ 17.993840900307532, 59.335701117643282 ], [ 17.994978305082455, 59.334662256452788 ], [ 17.995019358241326, 59.334547510485642 ], [ 17.994997824881295, 59.333888815690173 ], [ 17.994483175107685, 59.332685275732686 ], [ 17.993733900602784, 59.331978829767259 ], [ 17.992820591613143, 59.331226056655943 ], [ 17.991554200539639, 59.330182368679132 ], [ 17.991047928813867, 59.329765096602671 ], [ 17.990048825982072, 59.329028890499202 ], [ 17.989108208067091, 59.328385740671671 ], [ 17.98779805158404, 59.327489934376437 ], [ 17.987171680514415, 59.327055863624949 ], [ 17.98615097002277, 59.32601886692531 ], [ 17.985547536289619, 59.32519556960608 ], [ 17.985081518180348, 59.324235908337009 ], [ 17.984365286627209, 59.323754946895235 ], [ 17.984170127388957, 59.323643049462682 ], [ 17.983318889585725, 59.323178383968298 ], [ 17.983191429296379, 59.323108748286316 ], [ 17.982961286453776, 59.322996513010104 ], [ 17.98159733996534, 59.322250737443817 ], [ 17.981263067197705, 59.322067974880625 ], [ 17.979994320103071, 59.32128084560803 ], [ 17.978000486080418, 59.319751156351053 ], [ 17.977785026466329, 59.319402774596853 ], [ 17.977480906328282, 59.318910975299296 ], [ 17.977191675461917, 59.317607111518427 ], [ 17.976893657962034, 59.316263529233744 ], [ 17.975992898569181, 59.315663783903602 ], [ 17.974580241363004, 59.314720994420028 ], [ 17.972932632327037, 59.314013842345418 ], [ 17.972037487043838, 59.313630625321579 ], [ 17.970381049833112, 59.312830176382604 ], [ 17.96919241253137, 59.312241226164758 ], [ 17.964766221013523, 59.31148345634962 ], [ 17.963408343199291, 59.311233361348926 ], [ 17.960554713343701, 59.311017192698806 ], [ 17.958469421829022, 59.310859203846988 ], [ 17.954562940038244, 59.310839117280011 ], [ 17.954343492705895, 59.310954448341697 ], [ 17.949460454228547, 59.313520461846082 ], [ 17.945691075924536, 59.315048729454261 ], [ 17.941255208721206, 59.317629749238989 ], [ 17.93953734161596, 59.318165273267951 ], [ 17.933882190529022, 59.319927889836862 ], [ 17.929381254417027, 59.321173593721021 ], [ 17.928674350015569, 59.321369191080109 ], [ 17.926771561266214, 59.321895639563529 ], [ 17.92512178880882, 59.322352043415115 ], [ 17.923218908215894, 59.322803997797891 ], [ 17.919692334130136, 59.32364149707054 ], [ 17.916729734742667, 59.324993715598147 ], [ 17.914890331668413, 59.325481806791899 ], [ 17.913179589164411, 59.325935717141768 ], [ 17.912692854393548, 59.326089081123726 ], [ 17.910654641282527, 59.326731314408399 ] ] ] } },
{ "type": "Feature", "properties": { "omrade_namn": "Enskede-Årsta-Vantör", "omrade": "Enskede - Årsta - Vantör", "folkmangd": 105241, "areal_land_ha": 2114, "areal_vatten_ha": 42, "tathet_inv_per_ha_land": 49.78, "areal_totalt_ha": 2156, "kalla": "Stockholms statistiska årsbok tabell 2.4, 2024-12-31" }, "geometry": { "type": "Polygon", "coordinates": [ [ [ 18.037751239786285, 59.247612294771365 ], [ 18.032234856290973, 59.248896516172465 ], [ 18.030059292246762, 59.249406159332018 ], [ 18.028137972100517, 59.249856190330263 ], [ 18.026626085376435, 59.250708291966973 ], [ 18.025714788975463, 59.251221780465151 ], [ 18.025152823547558, 59.251342390220977 ], [ 18.025045513810326, 59.251379670340917 ], [ 18.02503692864077, 59.251382667066189 ], [ 18.025034103271288, 59.251383634428436 ], [ 18.02454990405213, 59.25155184627679 ], [ 18.02350157412609, 59.25184566593974 ], [ 18.022333334651538, 59.252295199440745 ], [ 18.022329525661849, 59.252296666662069 ], [ 18.02232351542068, 59.252299599162548 ], [ 18.020960846172098, 59.25296502810648 ], [ 18.018728116345986, 59.254075250074976 ], [ 18.018405294611703, 59.254789535904543 ], [ 18.018143063298179, 59.255391955945186 ], [ 18.016701020071388, 59.255290621497323 ], [ 18.015395245830902, 59.256103596394652 ], [ 18.014000759870544, 59.256087325408416 ], [ 18.013644219859874, 59.25608315822226 ], [ 18.012832616863861, 59.256081339762453 ], [ 18.011539310958586, 59.256078349864111 ], [ 18.01023409518962, 59.256581359946679 ], [ 18.009790107920058, 59.256754645942472 ], [ 18.009447510332755, 59.256890419184188 ], [ 18.008959888124672, 59.257075646616947 ], [ 18.008818970674088, 59.257130439796327 ], [ 18.006738149239315, 59.257934642482645 ], [ 18.006576026477514, 59.257997735942361 ], [ 18.005628990134316, 59.258363999912376 ], [ 18.004930759263271, 59.258630927947266 ], [ 18.004178148038328, 59.258773363858253 ], [ 18.003967130173759, 59.258813052244953 ], [ 18.003894473396798, 59.258826783886953 ], [ 18.00344950234793, 59.25891050903622 ], [ 18.0030862782078, 59.258978848200726 ], [ 17.99963254357122, 59.259628633590346 ], [ 17.999236747074534, 59.259703080064888 ], [ 17.998759053055085, 59.259792933161329 ], [ 17.998581083884307, 59.259826421483801 ], [ 17.998571344562851, 59.260082608799244 ], [ 17.998574030828198, 59.260230330514283 ], [ 17.998548510004454, 59.260796739661011 ], [ 17.99844801356539, 59.260848616230611 ], [ 17.998445289753189, 59.260981874084749 ], [ 17.998259438612237, 59.262032423547673 ], [ 17.998216931404119, 59.262225933174243 ], [ 17.99816478441214, 59.262576072652976 ], [ 17.998079797365531, 59.262935973130645 ], [ 17.997901135012555, 59.263707314081778 ], [ 17.997795115287616, 59.264197851585472 ], [ 17.997748227506381, 59.264435982047218 ], [ 17.997711244534198, 59.264704386347795 ], [ 17.997693354739674, 59.26491410068526 ], [ 17.997653021190505, 59.265202503595731 ], [ 17.997626005939672, 59.265465409621271 ], [ 17.997403373245408, 59.266200248509548 ], [ 17.997386759623939, 59.26628318554355 ], [ 17.99732889988389, 59.266427333911864 ], [ 17.99727509308989, 59.266609006662961 ], [ 17.997122797691048, 59.267118912126207 ], [ 17.997156751295666, 59.267584539156339 ], [ 17.997183275962239, 59.26798855588558 ], [ 17.997212731607252, 59.26829377647671 ], [ 17.99722230528516, 59.268411528008286 ], [ 17.997352300844302, 59.268713831796781 ], [ 17.997492753000699, 59.26923804883409 ], [ 17.997577033807641, 59.26939987525499 ], [ 17.997642937548022, 59.269542834642593 ], [ 17.997760359839791, 59.26964698144031 ], [ 17.998210072720269, 59.269758803603565 ], [ 17.998434704182834, 59.269712417450471 ], [ 17.998500593575383, 59.269698758415188 ], [ 17.9986357479515, 59.26962629665644 ], [ 17.999022254259998, 59.269518573532778 ], [ 17.999242269223611, 59.26931059793138 ], [ 17.99978610897081, 59.269219112975001 ], [ 18.000036037250847, 59.269390050646372 ], [ 17.999973621890103, 59.269403209292072 ], [ 18.000799249285382, 59.270604364827406 ], [ 18.001329463738958, 59.270258863283011 ], [ 18.001504185382867, 59.270307785169457 ], [ 18.001576676033867, 59.270300204944427 ], [ 18.00188058152224, 59.270066516279464 ], [ 18.002222946653013, 59.270139013173406 ], [ 18.002286384889288, 59.270058248101407 ], [ 18.002355257220792, 59.269978742327154 ], [ 18.002429563266421, 59.269900495572827 ], [ 18.002509302828265, 59.269823597685637 ], [ 18.002594125170042, 59.269748228106465 ], [ 18.002684205455054, 59.269674386911589 ], [ 18.002779192779364, 59.269602253361896 ], [ 18.002879262143193, 59.269531917389159 ], [ 18.002984062986549, 59.269463378720417 ], [ 18.003093419428161, 59.269396816971849 ], [ 18.003323899103307, 59.269252028062638 ], [ 18.00359197600784, 59.269083618542851 ], [ 18.005014328766549, 59.268188839157077 ], [ 18.005731315483743, 59.267741957698803 ], [ 18.0058450760677, 59.267849647762986 ], [ 18.006069061099968, 59.267982078829093 ], [ 18.006399474934266, 59.268215140263749 ], [ 18.006527983477906, 59.268301659114336 ], [ 18.007409099736009, 59.268924897907731 ], [ 18.007663908354317, 59.269147540251922 ], [ 18.008203632530584, 59.269506806460257 ], [ 18.008277983530178, 59.269554829675762 ], [ 18.008312896236141, 59.269555722157065 ], [ 18.008356976909763, 59.269570737587173 ], [ 18.008852645319752, 59.269907041650931 ], [ 18.009197351011483, 59.270163402080122 ], [ 18.009498428070888, 59.27041760444957 ], [ 18.009971547392134, 59.270890736254479 ], [ 18.010136805425098, 59.271105175479036 ], [ 18.010264921085405, 59.271246809667936 ], [ 18.010580619591419, 59.271593644487858 ], [ 18.010941715370187, 59.272012244668517 ], [ 18.011244569500036, 59.27234672144774 ], [ 18.011776272692341, 59.27294966007284 ], [ 18.01221401912731, 59.273430168080971 ], [ 18.012388378872831, 59.273603154803233 ], [ 18.012734872925325, 59.273913291709604 ], [ 18.013298481449876, 59.274321723492491 ], [ 18.013731760012178, 59.274592227680237 ], [ 18.014485253743327, 59.275004738527528 ], [ 18.015635115503493, 59.275593583555079 ], [ 18.017600278105984, 59.276590809855136 ], [ 18.018526142693382, 59.277065746014713 ], [ 18.019120545740019, 59.277361522000049 ], [ 18.019796667563909, 59.277640514090265 ], [ 18.020131075530387, 59.277757063448121 ], [ 18.020520646014774, 59.277868349491442 ], [ 18.021195080478194, 59.278010885735981 ], [ 18.02183099068278, 59.278101063065897 ], [ 18.021945026320502, 59.278145046711337 ], [ 18.021968548452186, 59.278160628392904 ], [ 18.022154577212881, 59.278185089534382 ], [ 18.022471644395601, 59.278203231721456 ], [ 18.022659004204453, 59.278183346552403 ], [ 18.022912659704087, 59.278186945173076 ], [ 18.023364863126847, 59.278188838529196 ], [ 18.02463022024769, 59.278117507924897 ], [ 18.026223782083878, 59.278026346375505 ], [ 18.027948591398719, 59.278009498855553 ], [ 18.030050532748064, 59.278102285539362 ], [ 18.031058346015048, 59.27820117196098 ], [ 18.031900310256184, 59.278408232854865 ], [ 18.032485936845518, 59.278658989683841 ], [ 18.034494372359429, 59.279690600241615 ], [ 18.034558966656384, 59.279751081079844 ], [ 18.034552291299249, 59.279808370488382 ], [ 18.034771045319399, 59.279911852708139 ], [ 18.034870522663969, 59.279915058069854 ], [ 18.0357835699388, 59.280277659203257 ], [ 18.035988683451144, 59.280308764905804 ], [ 18.036046324715596, 59.280335355797078 ], [ 18.036290869631078, 59.280419988453389 ], [ 18.036695841278821, 59.280550089476193 ], [ 18.036891058339371, 59.280613338476201 ], [ 18.037818549665648, 59.280913793913008 ], [ 18.038208976597176, 59.28103565647222 ], [ 18.039095181706781, 59.281297112744774 ], [ 18.040692057794296, 59.281814643374879 ], [ 18.03813076886706, 59.283357609481598 ], [ 18.037296389766958, 59.283864956306488 ], [ 18.037161478293502, 59.283958353199395 ], [ 18.037071148687151, 59.284023705588012 ], [ 18.036971896249003, 59.284102620048472 ], [ 18.03692364596801, 59.284155115950334 ], [ 18.036742893566146, 59.284382686579455 ], [ 18.036598926447795, 59.284544195650035 ], [ 18.036512326595393, 59.284638497754905 ], [ 18.036496997685447, 59.284678144678139 ], [ 18.036500962385908, 59.284701394637146 ], [ 18.036545799180747, 59.2847327035986 ], [ 18.036599119888017, 59.284750746610356 ], [ 18.036641537087881, 59.284757145185232 ], [ 18.036686381093944, 59.284755994860511 ], [ 18.036657259134085, 59.284800181591315 ], [ 18.036551728003548, 59.284894956190399 ], [ 18.036429442158408, 59.284988758460038 ], [ 18.03631545652674, 59.285056799242518 ], [ 18.036177224302733, 59.285124252226979 ], [ 18.036071708002709, 59.285196944120557 ], [ 18.035939509834073, 59.28530977451517 ], [ 18.03587285512209, 59.285358326083383 ], [ 18.035801312420645, 59.285397864242789 ], [ 18.035751603220174, 59.285426939553808 ], [ 18.035723719735529, 59.285433334903566 ], [ 18.035698260969454, 59.285435655437311 ], [ 18.035613432362297, 59.285413539978883 ], [ 18.035570997429115, 59.285406548615214 ], [ 18.035517666963109, 59.285400147821186 ], [ 18.03531104218608, 59.285336861837159 ], [ 18.035085676206055, 59.285235610123109 ], [ 18.03503477798527, 59.285215816470661 ], [ 18.034889362928098, 59.285180314493779 ], [ 18.034739215487544, 59.285182351483499 ], [ 18.034687550153478, 59.28517858078402 ], [ 18.034595458199899, 59.285158195859296 ], [ 18.034354287060975, 59.28510056608841 ], [ 18.033974016696558, 59.28501036945638 ], [ 18.033708013584587, 59.28498354145043 ], [ 18.033619525061827, 59.284977231737692 ], [ 18.033581945482624, 59.284976641073257 ], [ 18.033080811710089, 59.284972045887088 ], [ 18.032107541866008, 59.284967074720527 ], [ 18.031744920319053, 59.284947844401373 ], [ 18.031584153125856, 59.28491691338845 ], [ 18.031443424344129, 59.284882539281362 ], [ 18.031154851446011, 59.28479089941235 ], [ 18.030198073941147, 59.285606326475317 ], [ 18.030965429989557, 59.285805046838711 ], [ 18.030899375140752, 59.285848174891093 ], [ 18.030798190326763, 59.285919607974385 ], [ 18.030454173655343, 59.28617908665538 ], [ 18.029986469384969, 59.286427783351591 ], [ 18.029858574354698, 59.286503258287084 ], [ 18.029751107071412, 59.286571538310689 ], [ 18.02935757306286, 59.286840410729425 ], [ 18.028823615451604, 59.287214026126058 ], [ 18.028669853121151, 59.287229143622042 ], [ 18.028638603370585, 59.287251129385027 ], [ 18.028200750564743, 59.28755964721131 ], [ 18.027437294481366, 59.288005070665157 ], [ 18.026936742401869, 59.288357196008889 ], [ 18.026042864118487, 59.288639562711751 ], [ 18.026003809842368, 59.288625038032585 ], [ 18.025328549719909, 59.289114419245955 ], [ 18.024702725540315, 59.289413801229237 ], [ 18.024020121227544, 59.289360217996467 ], [ 18.023679593616389, 59.289164094738091 ], [ 18.023835131780849, 59.288861256988923 ], [ 18.024117466865757, 59.288649694459117 ], [ 18.023694254249826, 59.288372796541346 ], [ 18.023471783456301, 59.288191407542939 ], [ 18.023215830757376, 59.287982899379784 ], [ 18.023124670238193, 59.28790863729386 ], [ 18.023129072512514, 59.287893288320838 ], [ 18.023152667531935, 59.287812235096219 ], [ 18.023164641251082, 59.287770945390172 ], [ 18.023164964921371, 59.28774634948261 ], [ 18.023119249642811, 59.287738231130263 ], [ 18.023082379872054, 59.287727754194862 ], [ 18.023042010488354, 59.28770813810916 ], [ 18.023001324240081, 59.28768950034253 ], [ 18.022985928944859, 59.287680214288713 ], [ 18.022950271399512, 59.287651362341549 ], [ 18.022852632136999, 59.287566065933682 ], [ 18.022725699973993, 59.287440213646349 ], [ 18.022659252964559, 59.287342439123371 ], [ 18.02245753373057, 59.287376261464225 ], [ 18.022155827520947, 59.287422389666496 ], [ 18.021917708689191, 59.287547143944437 ], [ 18.021841041196893, 59.287574214071341 ], [ 18.021750284113896, 59.287585795047015 ], [ 18.021655483298161, 59.28758963633291 ], [ 18.021546598547161, 59.287572189951625 ], [ 18.02137924299031, 59.287531504005855 ], [ 18.021314741626163, 59.287503424294172 ], [ 18.021264362267953, 59.287460842526741 ], [ 18.020839187942329, 59.287576900376109 ], [ 18.02050414583065, 59.287672283898736 ], [ 18.020209909898387, 59.287801556433941 ], [ 18.019577229591562, 59.288111835909575 ], [ 18.019269362567506, 59.288264180958365 ], [ 18.019336912015859, 59.288702078783544 ], [ 18.01941751828145, 59.289217439326848 ], [ 18.019452109899575, 59.289444871348962 ], [ 18.019497048897144, 59.289739792302164 ], [ 18.019512058914305, 59.289826752879584 ], [ 18.019529349093705, 59.289946038836838 ], [ 18.019547679507308, 59.290076563668393 ], [ 18.019645505411738, 59.29068647053559 ], [ 18.019684625720114, 59.290930833516171 ], [ 18.019729547516743, 59.291228887174597 ], [ 18.01973777672811, 59.291260900066511 ], [ 18.019772430466475, 59.291483493599266 ], [ 18.019787328053386, 59.291578281685766 ], [ 18.019833447055341, 59.29177941567135 ], [ 18.01986169363424, 59.291878633213436 ], [ 18.019901242704236, 59.292039666881671 ], [ 18.019913459845142, 59.292083485145632 ], [ 18.019935122390731, 59.292170519580878 ], [ 18.019938525919432, 59.292186992553532 ], [ 18.019940607828545, 59.29219278306978 ], [ 18.01999566008708, 59.292410158314631 ], [ 18.020015820454649, 59.292491258681245 ], [ 18.020121748535505, 59.292864778653986 ], [ 18.020228259464236, 59.293252840684097 ], [ 18.020312058683995, 59.293470709137765 ], [ 18.020405423302343, 59.293704235609695 ], [ 18.020625573436739, 59.294134961114786 ], [ 18.020815614330573, 59.294435477007688 ], [ 18.021021410557911, 59.294753654486733 ], [ 18.021433773303173, 59.295305613763873 ], [ 18.02173489573866, 59.295668560169887 ], [ 18.022110345320481, 59.296082724216987 ], [ 18.022184387195459, 59.296148709962665 ], [ 18.022262107648892, 59.296221474465945 ], [ 18.022309356602207, 59.296266149590437 ], [ 18.022416010941516, 59.296361374254175 ], [ 18.022490593961205, 59.296431256041075 ], [ 18.022566988777648, 59.296497412793087 ], [ 18.022605124581037, 59.296530845695187 ], [ 18.022996472825799, 59.296864539835923 ], [ 18.023265324278714, 59.297083057136128 ], [ 18.023659402052111, 59.297372652105388 ], [ 18.023887162004904, 59.297531177498634 ], [ 18.024079022058537, 59.297664118616332 ], [ 18.024193154521427, 59.297738071353784 ], [ 18.024267418184564, 59.297786861016242 ], [ 18.024302603997725, 59.297809159251571 ], [ 18.024396846295215, 59.297870880448436 ], [ 18.024785918439164, 59.298109894940971 ], [ 18.025105292713171, 59.298300353699702 ], [ 18.025264975191469, 59.298392701238647 ], [ 18.025316497723473, 59.298419904544801 ], [ 18.025793409004873, 59.298678103172044 ], [ 18.026108661292486, 59.298838540330351 ], [ 18.026405796299397, 59.298987123065039 ], [ 18.026622128467281, 59.299094150487825 ], [ 18.027254382938466, 59.299380980683829 ], [ 18.027605971864443, 59.299530776373956 ], [ 18.027968924380048, 59.299675124792017 ], [ 18.028023966566, 59.299696115960408 ], [ 18.028296753922547, 59.299804015328483 ], [ 18.028474021129583, 59.299875159909377 ], [ 18.028507095180434, 59.299888713232804 ], [ 18.028765236475724, 59.299988340696203 ], [ 18.029413155529792, 59.3002418603349 ], [ 18.030269841371812, 59.300574236446209 ], [ 18.030565719035412, 59.300688742811353 ], [ 18.031590374132669, 59.301085957145851 ], [ 18.032887341253097, 59.301593153604557 ], [ 18.033091776424452, 59.301671352778477 ], [ 18.033661726785841, 59.30192651373666 ], [ 18.034502616334965, 59.302330108445886 ], [ 18.034721057260299, 59.3024458946782 ], [ 18.035316936126545, 59.302765484435149 ], [ 18.035862726167732, 59.303088967732485 ], [ 18.03680551486412, 59.303704350522572 ], [ 18.037688679064484, 59.304374829600569 ], [ 18.0379215003789, 59.304570493168903 ], [ 18.038120311650854, 59.304725549981065 ], [ 18.038335387671154, 59.304896533425172 ], [ 18.038548485331731, 59.305063135422927 ], [ 18.038565908037363, 59.305078694307028 ], [ 18.038783540323056, 59.305246210549164 ], [ 18.038869501356018, 59.305314480657643 ], [ 18.038921388815197, 59.305352180656847 ], [ 18.038916947537217, 59.305352180008512 ], [ 18.038693875118387, 59.307032218721943 ], [ 18.04003802203551, 59.306607559824741 ], [ 18.040680814175534, 59.306404475926591 ], [ 18.046006900498803, 59.304721509138965 ], [ 18.053973484906326, 59.305465286030369 ], [ 18.064379597442173, 59.303653684409319 ], [ 18.065896246326648, 59.303451048718294 ], [ 18.067260419674238, 59.303268797708924 ], [ 18.068692562622481, 59.303077452182542 ], [ 18.070518498498764, 59.302819620659108 ], [ 18.072249036459649, 59.302667671550736 ], [ 18.073235893093109, 59.302593095488454 ], [ 18.074051185887399, 59.302553893133386 ], [ 18.075084176338724, 59.302537649659953 ], [ 18.075360081211553, 59.302548910359633 ], [ 18.075802412546757, 59.302587519912272 ], [ 18.075938973996422, 59.302602745466736 ], [ 18.076174759305019, 59.30263329060152 ], [ 18.07654839179574, 59.302686259092475 ], [ 18.076775825220651, 59.302723186304917 ], [ 18.076930457248302, 59.302751505161609 ], [ 18.077089744978149, 59.302787273573088 ], [ 18.077174142471886, 59.302815592204219 ], [ 18.07730337988237, 59.302855762697796 ], [ 18.077403563489877, 59.30289289387138 ], [ 18.077515987581915, 59.30294000509101 ], [ 18.077707678249798, 59.303038163344375 ], [ 18.077796529468781, 59.303089173196355 ], [ 18.078035996361383, 59.303134974301337 ], [ 18.078732703238057, 59.303271803437397 ], [ 18.078993978082501, 59.3033223122995 ], [ 18.07994562379497, 59.302866110523766 ], [ 18.080002821741562, 59.302678165248125 ], [ 18.080135523121093, 59.302479946444265 ], [ 18.080389143095658, 59.302182514163867 ], [ 18.080754738835765, 59.30188030377407 ], [ 18.080963813760878, 59.301746487024303 ], [ 18.081296463824255, 59.301577683192818 ], [ 18.08204735846191, 59.301267426743976 ], [ 18.082741212235597, 59.300978451683193 ], [ 18.082925481668401, 59.300900991990261 ], [ 18.083456527666197, 59.300699316052778 ], [ 18.083887732691007, 59.300530007663724 ], [ 18.084069101790568, 59.300468083724638 ], [ 18.084362904321843, 59.300357463911702 ], [ 18.084666195175888, 59.300240396079893 ], [ 18.084780032042801, 59.300191538144716 ], [ 18.084806224994921, 59.300177026068248 ], [ 18.085050857081669, 59.300043282885611 ], [ 18.085198929675332, 59.299945584115903 ], [ 18.085252811667132, 59.299901981552374 ], [ 18.085343635878036, 59.299812553976707 ], [ 18.085485602928699, 59.299659308998066 ], [ 18.085521855207446, 59.299627882672155 ], [ 18.085741085930408, 59.299401650381995 ], [ 18.08581810193882, 59.299308440179644 ], [ 18.085912748433039, 59.299187488741225 ], [ 18.086039457854994, 59.299007222648271 ], [ 18.086175112245225, 59.298783220707605 ], [ 18.086250986115278, 59.298633224754354 ], [ 18.086295372447456, 59.298558234382121 ], [ 18.086382685500933, 59.298386225516538 ], [ 18.086427078103252, 59.29831879333581 ], [ 18.086842912552836, 59.298260219714606 ], [ 18.086822447767219, 59.298193661401505 ], [ 18.086836448379614, 59.298096951091082 ], [ 18.086857890442502, 59.298022295110187 ], [ 18.086879939703145, 59.297871506638515 ], [ 18.086891859723909, 59.297763288570067 ], [ 18.086889788293071, 59.297650962244262 ], [ 18.086884245491966, 59.297632992006584 ], [ 18.086880412270247, 59.297579419258312 ], [ 18.086856634668809, 59.29747313037133 ], [ 18.086714090153798, 59.297301660916531 ], [ 18.0866623782555, 59.297232128754267 ], [ 18.086430511725482, 59.296983485741798 ], [ 18.086586583318649, 59.296951160709881 ], [ 18.086839404719928, 59.296888381952009 ], [ 18.087376964519795, 59.296736243884595 ], [ 18.087905548615826, 59.296581421683349 ], [ 18.088688529301876, 59.296333427781661 ], [ 18.089029779252083, 59.296212372330814 ], [ 18.089344853610349, 59.296085460516871 ], [ 18.090618784780915, 59.29547174942234 ], [ 18.091147988663501, 59.295253411166762 ], [ 18.091374531655369, 59.295163820279846 ], [ 18.091526923422396, 59.295092641232145 ], [ 18.091610195244364, 59.295032664832341 ], [ 18.09226736192171, 59.2948326554556 ], [ 18.092135762102501, 59.294493732977919 ], [ 18.092492767902659, 59.294427301268705 ], [ 18.092797619969559, 59.294384616841569 ], [ 18.09323076191825, 59.294343539591338 ], [ 18.093576823865479, 59.294323041317554 ], [ 18.093972935098076, 59.294317591020793 ], [ 18.094437907836674, 59.294325522366826 ], [ 18.095045254380032, 59.294353872110321 ], [ 18.095108763006156, 59.293844623500441 ], [ 18.0951780413954, 59.293289251802136 ], [ 18.095507266719359, 59.291308356656103 ], [ 18.095615587536336, 59.290971947459958 ], [ 18.095856061439932, 59.290101754411289 ], [ 18.09592034384719, 59.289728571568645 ], [ 18.095905395087271, 59.28969941104652 ], [ 18.095865878557948, 59.289667115734488 ], [ 18.095821990096777, 59.289646939957912 ], [ 18.095816577248883, 59.289624913070909 ], [ 18.095822631708355, 59.289625755115978 ], [ 18.096303624560363, 59.289692869219763 ], [ 18.096388835703863, 59.289758292606642 ], [ 18.096510620066475, 59.28985870498515 ], [ 18.096580590182576, 59.289928692765514 ], [ 18.096209271536722, 59.290635102847631 ], [ 18.097553620306471, 59.290751609673883 ], [ 18.097491435379887, 59.290991975546589 ], [ 18.097482740177039, 59.291012435720148 ], [ 18.099580534275166, 59.291169512055617 ], [ 18.09986299822673, 59.291188168610141 ], [ 18.101182389426281, 59.290813214982464 ], [ 18.101485246173031, 59.290295523666039 ], [ 18.101510340661299, 59.290246099111883 ], [ 18.101458459947764, 59.29024967211403 ], [ 18.101287762184789, 59.290234238444718 ], [ 18.100311379882982, 59.290157782442648 ], [ 18.100261045927695, 59.290136956213225 ], [ 18.10023357385516, 59.290101858522156 ], [ 18.10029492353635, 59.289816591153361 ], [ 18.100345144716037, 59.289766107975247 ], [ 18.100390909571495, 59.289742529007512 ], [ 18.100591945604673, 59.289629454667526 ], [ 18.100729024623622, 59.28955590774715 ], [ 18.100820402407905, 59.289501020649844 ], [ 18.100847803419182, 59.289470293616738 ], [ 18.100950086291927, 59.289266186192549 ], [ 18.101003775516929, 59.289082642933373 ], [ 18.100993852867425, 59.28899794401282 ], [ 18.100969163330415, 59.288866186444658 ], [ 18.100945532082058, 59.288517259886 ], [ 18.101230612138689, 59.287790018594222 ], [ 18.101484397235097, 59.287139471351551 ], [ 18.10163478325266, 59.28675200104599 ], [ 18.101653111854343, 59.286693556041342 ], [ 18.101661447118804, 59.286558345490377 ], [ 18.101630172251081, 59.286409343045904 ], [ 18.101580470128084, 59.286298605594858 ], [ 18.101522316052328, 59.286219809992787 ], [ 18.10136919510953, 59.28605882922966 ], [ 18.101152392729162, 59.28593048204857 ], [ 18.100505612444213, 59.285576972521248 ], [ 18.099405884036287, 59.2849719011516 ], [ 18.098892554933268, 59.284671185897771 ], [ 18.098800228053985, 59.284617813129316 ], [ 18.098721368997442, 59.284589247600437 ], [ 18.098563994352201, 59.284525410661395 ], [ 18.098346791953361, 59.284459052022093 ], [ 18.098194759667297, 59.284417412315406 ], [ 18.097333324433844, 59.284157544360689 ], [ 18.096998903902257, 59.284066001077925 ], [ 18.09759583194683, 59.283410055148579 ], [ 18.098386297160168, 59.282540144063475 ], [ 18.098857235439695, 59.28111053460276 ], [ 18.099308527821361, 59.279820176206577 ], [ 18.099373163533944, 59.279435272264294 ], [ 18.099395772108625, 59.279334027159003 ], [ 18.099942144801037, 59.279345402843518 ], [ 18.100015901857443, 59.278865885779844 ], [ 18.104561776146401, 59.278250268058436 ], [ 18.106515286203468, 59.277814780756998 ], [ 18.109610389416439, 59.276803194936662 ], [ 18.109699999899171, 59.276100107217061 ], [ 18.109772886043491, 59.275834637956173 ], [ 18.109695234994124, 59.275174418746836 ], [ 18.109678407290147, 59.275067289174928 ], [ 18.109504408529883, 59.274558859185895 ], [ 18.109072962267078, 59.273211937610562 ], [ 18.109182361391166, 59.272824439578621 ], [ 18.109195044266986, 59.272736531434731 ], [ 18.109271560767841, 59.272402391783459 ], [ 18.109899154784333, 59.271534598951256 ], [ 18.10990693997309, 59.27152195617294 ], [ 18.109696151499087, 59.271285222454452 ], [ 18.109489895393946, 59.271063909392062 ], [ 18.109369978907996, 59.270930412514907 ], [ 18.109209479071513, 59.270757135639975 ], [ 18.10858075194292, 59.27006332098042 ], [ 18.108420716520961, 59.269890384110461 ], [ 18.107857175935134, 59.26926563781528 ], [ 18.107716985033814, 59.269108276845934 ], [ 18.107311204185141, 59.26866274185263 ], [ 18.106502116749542, 59.267775203955345 ], [ 18.10603718139248, 59.267686248134829 ], [ 18.101494705535472, 59.266816984359657 ], [ 18.09993191324142, 59.266623085747256 ], [ 18.098700600412251, 59.266473779425674 ], [ 18.098021463275959, 59.266388600730821 ], [ 18.097613389172277, 59.266336935325768 ], [ 18.097150306797669, 59.267103944072325 ], [ 18.097025215662903, 59.267313904668619 ], [ 18.096685316446411, 59.267877002415226 ], [ 18.096570406925679, 59.268070172083817 ], [ 18.096363848568942, 59.268419410478558 ], [ 18.096236171269076, 59.268630672546003 ], [ 18.096039790394265, 59.268959618884281 ], [ 18.095919045237611, 59.269163284015683 ], [ 18.095678248720702, 59.269567489615255 ], [ 18.095630248894938, 59.269647274903207 ], [ 18.095524039996025, 59.269820852768973 ], [ 18.095401836103186, 59.270027309670773 ], [ 18.094956947173653, 59.270831471485671 ], [ 18.094839131066639, 59.271048376354244 ], [ 18.094714508939301, 59.271299639011055 ], [ 18.094664429101257, 59.271356101410838 ], [ 18.094548846165967, 59.271582682941705 ], [ 18.094457995784904, 59.27178163478137 ], [ 18.094219513986541, 59.272331493948329 ], [ 18.094115401138428, 59.272588433608206 ], [ 18.094081337941304, 59.272672604719197 ], [ 18.094042737575435, 59.27278082501762 ], [ 18.093997351273295, 59.272928389420365 ], [ 18.093745607411492, 59.273695643158327 ], [ 18.093711597889193, 59.273839928147538 ], [ 18.093661786184462, 59.274131761302826 ], [ 18.093618802244755, 59.274411572708949 ], [ 18.093582411961698, 59.274617152557269 ], [ 18.093413952182615, 59.274636869772117 ], [ 18.093345925148881, 59.274922153883566 ], [ 18.093224623326961, 59.275461021222782 ], [ 18.091164426177361, 59.275564524436476 ], [ 18.090653030232268, 59.275583370239978 ], [ 18.090120202768723, 59.275604722857423 ], [ 18.090010580528528, 59.275624037033289 ], [ 18.089440095688293, 59.275644553463238 ], [ 18.089392095490087, 59.275628809555862 ], [ 18.089324955936785, 59.275629219809005 ], [ 18.08920667553798, 59.275654256759815 ], [ 18.089117947779034, 59.275678613597123 ], [ 18.089010940607185, 59.275719869430496 ], [ 18.08890816120671, 59.275762479742006 ], [ 18.088806786463202, 59.275807118550468 ], [ 18.088682875781316, 59.275854464283974 ], [ 18.088608246949804, 59.275876788905769 ], [ 18.088513904028833, 59.275899117729359 ], [ 18.088397001079588, 59.275916047339194 ], [ 18.088219550209462, 59.275930279001621 ], [ 18.088044157455087, 59.275930317088275 ], [ 18.087906116901284, 59.275922231693293 ], [ 18.087735661018648, 59.275888460594814 ], [ 18.087568022345597, 59.275845900202135 ], [ 18.087506040201188, 59.275825625138097 ], [ 18.08721579921005, 59.275800523752409 ], [ 18.085527926079884, 59.2761794229434 ], [ 18.082728569151026, 59.276807650683992 ], [ 18.079371283185075, 59.277532272328123 ], [ 18.077520620820433, 59.277874923281558 ], [ 18.0763689667417, 59.27811576841296 ], [ 18.075300580594551, 59.278362968249176 ], [ 18.074776890348929, 59.278833547094862 ], [ 18.074404941085593, 59.279107554082593 ], [ 18.074300270978714, 59.279061291447725 ], [ 18.074105455831738, 59.278968934590935 ], [ 18.073778624225206, 59.278823486450015 ], [ 18.073565482088934, 59.278731445268534 ], [ 18.073151038060306, 59.278580323818836 ], [ 18.072918965280373, 59.278511022391605 ], [ 18.072670301842656, 59.278445124695551 ], [ 18.072443762454451, 59.27839072347647 ], [ 18.07216670586001, 59.278331641513304 ], [ 18.07194411970713, 59.27828961812564 ], [ 18.071740464077351, 59.278257807998102 ], [ 18.071463418215515, 59.278220332003968 ], [ 18.071184010302407, 59.278196491554233 ], [ 18.070874062971146, 59.278120013037842 ], [ 18.070814231433495, 59.27811518049937 ], [ 18.070799145663798, 59.278111914371408 ], [ 18.070637611766713, 59.278095161674962 ], [ 18.070639654049145, 59.278068167811924 ], [ 18.070087784008706, 59.278059136798454 ], [ 18.069965865128783, 59.277916397366383 ], [ 18.069866149690263, 59.277865606323907 ], [ 18.069749204369735, 59.2777977427289 ], [ 18.06972695761506, 59.277780203905849 ], [ 18.069620888687741, 59.277715606726424 ], [ 18.069259214130511, 59.277716294635013 ], [ 18.068548121269117, 59.277704604870991 ], [ 18.068539430822572, 59.277906702824744 ], [ 18.068156547747289, 59.277906231593974 ], [ 18.068026751266622, 59.277906960050565 ], [ 18.067892191493485, 59.277812497499767 ], [ 18.067819492625841, 59.277767151850369 ], [ 18.067678061254963, 59.277682707835609 ], [ 18.06755412058067, 59.277608442217385 ], [ 18.067592808070955, 59.277588169429912 ], [ 18.067575858658547, 59.277566922369239 ], [ 18.067529156072588, 59.277526439999605 ], [ 18.067261808079252, 59.277378161142835 ], [ 18.067290201591842, 59.277365097628284 ], [ 18.067054560689048, 59.277256727223538 ], [ 18.066932293639482, 59.277199642931222 ], [ 18.066860549578283, 59.277173794298577 ], [ 18.066592097335622, 59.277076727700077 ], [ 18.066025013911183, 59.276889856625907 ], [ 18.065490443025919, 59.27672992098281 ], [ 18.065148100507223, 59.276613276848487 ], [ 18.064371754150962, 59.276336578381944 ], [ 18.063909967405703, 59.276161326797911 ], [ 18.063781503447643, 59.276120586587275 ], [ 18.063573687380337, 59.276047380393493 ], [ 18.063323146418234, 59.275969471753143 ], [ 18.063331091207797, 59.275739240312546 ], [ 18.063392151866662, 59.27499663071309 ], [ 18.063436329876652, 59.27453898530058 ], [ 18.06343846703999, 59.274522620321783 ], [ 18.063446745815565, 59.274415228967626 ], [ 18.063464125470126, 59.274410147241859 ], [ 18.063508302466516, 59.274397649474629 ], [ 18.063652285419337, 59.274358108561707 ], [ 18.063701879744016, 59.274333868655575 ], [ 18.063767060777209, 59.274281844306991 ], [ 18.063854270841027, 59.274133721008496 ], [ 18.06390749854204, 59.274027036745188 ], [ 18.06398269635913, 59.273885601665157 ], [ 18.06403318248223, 59.273820821452155 ], [ 18.064093785855114, 59.273738401112993 ], [ 18.064062269116569, 59.273737047139782 ], [ 18.06349342862184, 59.273724479575044 ], [ 18.063515898859805, 59.27344384132661 ], [ 18.063544135959127, 59.273100812890462 ], [ 18.063582104947411, 59.272744471127474 ], [ 18.063628818134468, 59.272158642150671 ], [ 18.063674509671934, 59.27154457162785 ], [ 18.063689744860746, 59.271330775701699 ], [ 18.063718430572379, 59.270950465940388 ], [ 18.063741097480264, 59.270706471316686 ], [ 18.064161633731647, 59.270715499361451 ], [ 18.064187025288426, 59.270406062326565 ], [ 18.064195161296777, 59.270251039047217 ], [ 18.064410249131047, 59.270254609679768 ], [ 18.064424918881535, 59.270049000814765 ], [ 18.064441941522951, 59.269868958158028 ], [ 18.064453847845204, 59.269722902482464 ], [ 18.06443385203309, 59.269688970651849 ], [ 18.064269149346242, 59.269408987867592 ], [ 18.064282280927294, 59.269248210463978 ], [ 18.064309401595359, 59.268916343074658 ], [ 18.063891710444469, 59.268908006846154 ], [ 18.063994018116851, 59.267740258264816 ], [ 18.063909912479104, 59.266306244644682 ], [ 18.063407102195228, 59.266280397585454 ], [ 18.063096193686125, 59.266151416849119 ], [ 18.0631408695678, 59.266137061310239 ], [ 18.063176830129251, 59.266118702523393 ], [ 18.063199340743139, 59.266094716039106 ], [ 18.063205598010292, 59.266078333333517 ], [ 18.063194212865227, 59.266044635534996 ], [ 18.063175236964788, 59.266020955988537 ], [ 18.06315342165912, 59.266005930084653 ], [ 18.063094607419028, 59.265982261135925 ], [ 18.063057609017935, 59.265977702655491 ], [ 18.062989312820523, 59.265981807807371 ], [ 18.062942830390032, 59.265992285521683 ], [ 18.062906098167097, 59.26600941427256 ], [ 18.062441060241952, 59.265835196162186 ], [ 18.061711895403576, 59.265551712306674 ], [ 18.061735196552149, 59.265534108392046 ], [ 18.061910171061005, 59.26538605092157 ], [ 18.062080935189105, 59.265232185508133 ], [ 18.062285057180624, 59.265016101577608 ], [ 18.062472538504434, 59.264812028661424 ], [ 18.062836336079396, 59.264355929252503 ], [ 18.062981135944693, 59.264167162485307 ], [ 18.063121780215237, 59.263986340049918 ], [ 18.063208657565763, 59.263867117550667 ], [ 18.063341042953219, 59.263698216240854 ], [ 18.063523067906466, 59.263447849480258 ], [ 18.063679830768713, 59.263232555338448 ], [ 18.063900744496067, 59.263015049720728 ], [ 18.064182199342266, 59.26271798957044 ], [ 18.064248621914427, 59.262667734920122 ], [ 18.064120412447391, 59.262710712629882 ], [ 18.064067430852489, 59.262724593246205 ], [ 18.06398483372389, 59.262724696073484 ], [ 18.063562574238716, 59.262622687671673 ], [ 18.06329497690416, 59.262548461241956 ], [ 18.063701872034848, 59.262213873793264 ], [ 18.064183073640365, 59.261848949595368 ], [ 18.065239577535735, 59.261047995277394 ], [ 18.065108868673882, 59.260771480007833 ], [ 18.059683832535267, 59.259000979090395 ], [ 18.060392978760749, 59.258434028309708 ], [ 18.06312509231519, 59.257739055373946 ], [ 18.062810557651634, 59.256664903519464 ], [ 18.062007110513633, 59.256360700422135 ], [ 18.060073109371793, 59.25635193962529 ], [ 18.059083128776578, 59.257037669353068 ], [ 18.058406195022272, 59.25713546023168 ], [ 18.054627381603733, 59.255736702087994 ], [ 18.052675632529347, 59.254986823157992 ], [ 18.04859728376255, 59.253442030652586 ], [ 18.048691602472594, 59.253249126383295 ], [ 18.048774242462766, 59.253007937501508 ], [ 18.048922113498584, 59.252720937487304 ], [ 18.048999982657286, 59.252610685954267 ], [ 18.049233532156705, 59.252356562062111 ], [ 18.049505979288853, 59.252137941435606 ], [ 18.049001665648184, 59.251897462337816 ], [ 18.048735154866943, 59.251626988545993 ], [ 18.048662582485928, 59.251666767237495 ], [ 18.048482412302523, 59.251582853807385 ], [ 18.048381616121617, 59.251640708559187 ], [ 18.048247633377699, 59.251725122075889 ], [ 18.048175088087991, 59.251788876094857 ], [ 18.048122226437243, 59.25184909477305 ], [ 18.048089029865572, 59.251909314783248 ], [ 18.048036700301385, 59.251888521975893 ], [ 18.047867145894518, 59.251766889772085 ], [ 18.047802031674149, 59.251657068731944 ], [ 18.047706556618909, 59.251563088668192 ], [ 18.047675846592583, 59.251516445472767 ], [ 18.047672196633918, 59.251417265713265 ], [ 18.047655010727194, 59.251335202752109 ], [ 18.047648848366222, 59.251312357588603 ], [ 18.047627985315085, 59.251276163429935 ], [ 18.04759158389556, 59.251215067914892 ], [ 18.047528674263781, 59.251124070253233 ], [ 18.046766954360034, 59.250744439240258 ], [ 18.046832059035534, 59.250710046989042 ], [ 18.048833212722336, 59.249484020062518 ], [ 18.052225595026631, 59.24672191410798 ], [ 18.051120173201742, 59.245817958651763 ], [ 18.050000652978131, 59.244902413585741 ], [ 18.045863973252992, 59.245817774248685 ], [ 18.043452239007728, 59.246351358301411 ], [ 18.037843905574729, 59.247591809222349 ], [ 18.037751239786285, 59.247612294771365 ] ] ] } },
{ "type": "Feature", "properties": { "omrade_namn": "Farsta", "omrade": "Farsta", "folkmangd": 62085, "areal_land_ha": 1544, "areal_vatten_ha": 185, "tathet_inv_per_ha_land": 40.21, "areal_totalt_ha": 1729, "kalla": "Stockholms statistiska årsbok tabell 2.4, 2024-12-31" }, "geometry": { "type": "Polygon", "coordinates": [ [ [ 18.131986663032112, 59.24182885100096 ], [ 18.129332929610754, 59.240929132347013 ], [ 18.128657439789244, 59.241226494694054 ], [ 18.127743685942171, 59.240681833611056 ], [ 18.127849428391411, 59.240663502345562 ], [ 18.12809411451537, 59.240610609900102 ], [ 18.128270688778528, 59.240567510071884 ], [ 18.128101011426512, 59.240509325949027 ], [ 18.128029082894361, 59.240491830528711 ], [ 18.127949538088277, 59.240513604795105 ], [ 18.127619325900085, 59.240566190289954 ], [ 18.127619321403277, 59.240566185854938 ], [ 18.127619238327085, 59.240566199083275 ], [ 18.127353942329776, 59.240304452036895 ], [ 18.126933216164606, 59.240413844070225 ], [ 18.126881739815502, 59.240364244159252 ], [ 18.12657636284807, 59.240413699447963 ], [ 18.126455118951622, 59.240433330121128 ], [ 18.126223671646045, 59.240493304904419 ], [ 18.126004673051764, 59.240550059298712 ], [ 18.125851789330842, 59.240597516210293 ], [ 18.125897325691149, 59.240656473600055 ], [ 18.125398290994244, 59.240738289145341 ], [ 18.125336575142285, 59.240757498526534 ], [ 18.12533759319852, 59.240759203447595 ], [ 18.12500859028486, 59.24082721769971 ], [ 18.125008568784303, 59.240827189443664 ], [ 18.125008535680209, 59.240827196288812 ], [ 18.12498576713455, 59.240797290492466 ], [ 18.124902779630247, 59.240814282376419 ], [ 18.124806842850919, 59.240833965665956 ], [ 18.124739217044926, 59.240725160492353 ], [ 18.124739183494082, 59.240725106511199 ], [ 18.12455323239616, 59.240783459148709 ], [ 18.124398211746762, 59.240832105292924 ], [ 18.124233225878921, 59.240867288538212 ], [ 18.124306167904983, 59.240981645259808 ], [ 18.123809538711146, 59.241056533573285 ], [ 18.12380580326009, 59.241057097025163 ], [ 18.123687549968192, 59.241076115533517 ], [ 18.123653490630335, 59.24102273527928 ], [ 18.123632649585247, 59.24099353692197 ], [ 18.123266174037958, 59.240415692334494 ], [ 18.122770028937268, 59.239626054158094 ], [ 18.122253520650318, 59.238797276550848 ], [ 18.121908601944327, 59.238168597804375 ], [ 18.121945607035673, 59.238093845309272 ], [ 18.122027646168235, 59.23792813271772 ], [ 18.122290515370835, 59.237397366924647 ], [ 18.122721889827989, 59.236852492776542 ], [ 18.122819419282305, 59.236729299524221 ], [ 18.122819419456849, 59.236729299344503 ], [ 18.123048922136018, 59.236633400338249 ], [ 18.124088696306501, 59.234961111277727 ], [ 18.123529372992579, 59.234169331451177 ], [ 18.12281622131065, 59.234024774658074 ], [ 18.121425892689782, 59.233741978045131 ], [ 18.120749477061516, 59.233604390063064 ], [ 18.120226338375435, 59.233567706823379 ], [ 18.120051030706211, 59.233555499992654 ], [ 18.119997558889207, 59.233551772801228 ], [ 18.120077811621929, 59.233348043971247 ], [ 18.120108431747887, 59.233270347639994 ], [ 18.12010864292499, 59.233269811792276 ], [ 18.120064506560439, 59.233235566951628 ], [ 18.119917828005097, 59.233117407386004 ], [ 18.119917823666448, 59.233117397736009 ], [ 18.11953866408108, 59.232289622778914 ], [ 18.118520239639562, 59.23203473986888 ], [ 18.116564826941456, 59.231556274084795 ], [ 18.109098699694517, 59.22982845575681 ], [ 18.108788189895733, 59.2297556441046 ], [ 18.108786461484428, 59.229755243829317 ], [ 18.108132719455984, 59.22960193894356 ], [ 18.10805815278124, 59.227973939651946 ], [ 18.10802510784411, 59.227252425797936 ], [ 18.099507905170892, 59.228655303842913 ], [ 18.09772140640278, 59.228949487339456 ], [ 18.093904326291266, 59.229949915402777 ], [ 18.088301418264795, 59.231406744168822 ], [ 18.087402246298144, 59.231653471369938 ], [ 18.084418703809927, 59.231696426963161 ], [ 18.081393882828575, 59.231739828304057 ], [ 18.077090819386438, 59.232951652151485 ], [ 18.076022001130141, 59.233249026522302 ], [ 18.073742021322584, 59.233891749869677 ], [ 18.070692636870888, 59.235815046480177 ], [ 18.069208359441802, 59.236839520266358 ], [ 18.068670896740674, 59.237211727151227 ], [ 18.068206441493171, 59.237525647256788 ], [ 18.066547111649761, 59.238629325194623 ], [ 18.066356894339727, 59.238740072207165 ], [ 18.065880880485167, 59.239017156031778 ], [ 18.065250829039766, 59.239371684813023 ], [ 18.065364601369371, 59.238657752004983 ], [ 18.065240117251903, 59.238540169478739 ], [ 18.064999427047908, 59.238417380884961 ], [ 18.064598867786405, 59.238257342671076 ], [ 18.064333774940426, 59.23821105292852 ], [ 18.063635261885878, 59.238089085542605 ], [ 18.062960436406684, 59.237765855733144 ], [ 18.061225897271431, 59.238154092851453 ], [ 18.061261746079232, 59.238767804256014 ], [ 18.061535069498461, 59.239096618969484 ], [ 18.061762340699119, 59.239294350913539 ], [ 18.061964498200958, 59.23955002766774 ], [ 18.062070966270603, 59.239684687726658 ], [ 18.062237889828676, 59.240431706695944 ], [ 18.062268362170702, 59.240597429946085 ], [ 18.063127097271217, 59.240626495784191 ], [ 18.06176895167733, 59.241428220664318 ], [ 18.060384459806926, 59.242224456908545 ], [ 18.059839792861332, 59.242510724587852 ], [ 18.058992332035139, 59.242968651246329 ], [ 18.058374103657645, 59.243311619351836 ], [ 18.057930018606182, 59.24355795228648 ], [ 18.057929031199389, 59.243558502785334 ], [ 18.057819252237021, 59.243619393340168 ], [ 18.054848942252939, 59.245266878311476 ], [ 18.053855393447694, 59.245817970687938 ], [ 18.052225595026631, 59.24672191410798 ], [ 18.048833212722336, 59.249484020062518 ], [ 18.046832059035534, 59.250710046989042 ], [ 18.046766954360034, 59.250744439240258 ], [ 18.047528674263781, 59.251124070253233 ], [ 18.04759158389556, 59.251215067914892 ], [ 18.047627985315085, 59.251276163429935 ], [ 18.047648848366222, 59.251312357588603 ], [ 18.047655010727194, 59.251335202752109 ], [ 18.047672196633918, 59.251417265713265 ], [ 18.047675846592583, 59.251516445472767 ], [ 18.047706556618909, 59.251563088668192 ], [ 18.047802031674149, 59.251657068731944 ], [ 18.047867145894518, 59.251766889772085 ], [ 18.048036700301385, 59.251888521975893 ], [ 18.048089029865572, 59.251909314783248 ], [ 18.048122226437243, 59.25184909477305 ], [ 18.048175088087991, 59.251788876094857 ], [ 18.048247633377699, 59.251725122075889 ], [ 18.048381616121617, 59.251640708559187 ], [ 18.048482412302523, 59.251582853807385 ], [ 18.048662582485928, 59.251666767237495 ], [ 18.048735154866943, 59.251626988545993 ], [ 18.049001665648184, 59.251897462337816 ], [ 18.049505979288853, 59.252137941435606 ], [ 18.049233532156705, 59.252356562062111 ], [ 18.048999982657286, 59.252610685954267 ], [ 18.048922113498584, 59.252720937487304 ], [ 18.048774242462766, 59.253007937501508 ], [ 18.048691602472594, 59.253249126383295 ], [ 18.04859728376255, 59.253442030652586 ], [ 18.052675632529347, 59.254986823157992 ], [ 18.054627381603733, 59.255736702087994 ], [ 18.058406195022272, 59.25713546023168 ], [ 18.059083128776578, 59.257037669353068 ], [ 18.060073109371793, 59.25635193962529 ], [ 18.062007110513633, 59.256360700422135 ], [ 18.062810557651634, 59.256664903519464 ], [ 18.06312509231519, 59.257739055373946 ], [ 18.060392978760749, 59.258434028309708 ], [ 18.059683832535267, 59.259000979090395 ], [ 18.065108868673882, 59.260771480007833 ], [ 18.065239577535735, 59.261047995277394 ], [ 18.064183073640365, 59.261848949595368 ], [ 18.063701872034848, 59.262213873793264 ], [ 18.06329497690416, 59.262548461241956 ], [ 18.063562574238716, 59.262622687671673 ], [ 18.06398483372389, 59.262724696073484 ], [ 18.064067430852489, 59.262724593246205 ], [ 18.064120412447391, 59.262710712629882 ], [ 18.064248621914427, 59.262667734920122 ], [ 18.064182199342266, 59.26271798957044 ], [ 18.063900744496067, 59.263015049720728 ], [ 18.063679830768713, 59.263232555338448 ], [ 18.063523067906466, 59.263447849480258 ], [ 18.063341042953219, 59.263698216240854 ], [ 18.063208657565763, 59.263867117550667 ], [ 18.063121780215237, 59.263986340049918 ], [ 18.062981135944693, 59.264167162485307 ], [ 18.062836336079396, 59.264355929252503 ], [ 18.062472538504434, 59.264812028661424 ], [ 18.062285057180624, 59.265016101577608 ], [ 18.062080935189105, 59.265232185508133 ], [ 18.061910171061005, 59.26538605092157 ], [ 18.061735196552149, 59.265534108392046 ], [ 18.061711895403576, 59.265551712306674 ], [ 18.062441060241952, 59.265835196162186 ], [ 18.062906098167097, 59.26600941427256 ], [ 18.062942830390032, 59.265992285521683 ], [ 18.062989312820523, 59.265981807807371 ], [ 18.063057609017935, 59.265977702655491 ], [ 18.063094607419028, 59.265982261135925 ], [ 18.06315342165912, 59.266005930084653 ], [ 18.063175236964788, 59.266020955988537 ], [ 18.063194212865227, 59.266044635534996 ], [ 18.063205598010292, 59.266078333333517 ], [ 18.063199340743139, 59.266094716039106 ], [ 18.063176830129251, 59.266118702523393 ], [ 18.0631408695678, 59.266137061310239 ], [ 18.063096193686125, 59.266151416849119 ], [ 18.063407102195228, 59.266280397585454 ], [ 18.063909912479104, 59.266306244644682 ], [ 18.063994018116851, 59.267740258264816 ], [ 18.063891710444469, 59.268908006846154 ], [ 18.064309401595359, 59.268916343074658 ], [ 18.064282280927294, 59.269248210463978 ], [ 18.064269149346242, 59.269408987867592 ], [ 18.06443385203309, 59.269688970651849 ], [ 18.064453847845204, 59.269722902482464 ], [ 18.064441941522951, 59.269868958158028 ], [ 18.064424918881535, 59.270049000814765 ], [ 18.064410249131047, 59.270254609679768 ], [ 18.064195161296777, 59.270251039047217 ], [ 18.064187025288426, 59.270406062326565 ], [ 18.064161633731647, 59.270715499361451 ], [ 18.063741097480264, 59.270706471316686 ], [ 18.063718430572379, 59.270950465940388 ], [ 18.063689744860746, 59.271330775701699 ], [ 18.063674509671934, 59.27154457162785 ], [ 18.063628818134468, 59.272158642150671 ], [ 18.063582104947411, 59.272744471127474 ], [ 18.063544135959127, 59.273100812890462 ], [ 18.063515898859805, 59.27344384132661 ], [ 18.06349342862184, 59.273724479575044 ], [ 18.064062269116569, 59.273737047139782 ], [ 18.064093785855114, 59.273738401112993 ], [ 18.06403318248223, 59.273820821452155 ], [ 18.06398269635913, 59.273885601665157 ], [ 18.06390749854204, 59.274027036745188 ], [ 18.063854270841027, 59.274133721008496 ], [ 18.063767060777209, 59.274281844306991 ], [ 18.063701879744016, 59.274333868655575 ], [ 18.063652285419337, 59.274358108561707 ], [ 18.063508302466516, 59.274397649474629 ], [ 18.063464125470126, 59.274410147241859 ], [ 18.063446745815565, 59.274415228967626 ], [ 18.06343846703999, 59.274522620321783 ], [ 18.063436329876652, 59.27453898530058 ], [ 18.063392151866662, 59.27499663071309 ], [ 18.063331091207797, 59.275739240312546 ], [ 18.063323146418234, 59.275969471753143 ], [ 18.063573687380337, 59.276047380393493 ], [ 18.063781503447643, 59.276120586587275 ], [ 18.063909967405703, 59.276161326797911 ], [ 18.064371754150962, 59.276336578381944 ], [ 18.065148100507223, 59.276613276848487 ], [ 18.065490443025919, 59.27672992098281 ], [ 18.066025013911183, 59.276889856625907 ], [ 18.066592097335622, 59.277076727700077 ], [ 18.066860549578283, 59.277173794298577 ], [ 18.066932293639482, 59.277199642931222 ], [ 18.067054560689048, 59.277256727223538 ], [ 18.067290201591842, 59.277365097628284 ], [ 18.067261808079252, 59.277378161142835 ], [ 18.067529156072588, 59.277526439999605 ], [ 18.067575858658547, 59.277566922369239 ], [ 18.067592808070955, 59.277588169429912 ], [ 18.06755412058067, 59.277608442217385 ], [ 18.067678061254963, 59.277682707835609 ], [ 18.067819492625841, 59.277767151850369 ], [ 18.067892191493485, 59.277812497499767 ], [ 18.068026751266622, 59.277906960050565 ], [ 18.068156547747289, 59.277906231593974 ], [ 18.068539430822572, 59.277906702824744 ], [ 18.068548121269117, 59.277704604870991 ], [ 18.069259214130511, 59.277716294635013 ], [ 18.069620888687741, 59.277715606726424 ], [ 18.06972695761506, 59.277780203905849 ], [ 18.069749204369735, 59.2777977427289 ], [ 18.069866149690263, 59.277865606323907 ], [ 18.069965865128783, 59.277916397366383 ], [ 18.070087784008706, 59.278059136798454 ], [ 18.070639654049145, 59.278068167811924 ], [ 18.070637611766713, 59.278095161674962 ], [ 18.070799145663798, 59.278111914371408 ], [ 18.070814231433495, 59.27811518049937 ], [ 18.070874062971146, 59.278120013037842 ], [ 18.071184010302407, 59.278196491554233 ], [ 18.071463418215515, 59.278220332003968 ], [ 18.071740464077351, 59.278257807998102 ], [ 18.07194411970713, 59.27828961812564 ], [ 18.07216670586001, 59.278331641513304 ], [ 18.072443762454451, 59.27839072347647 ], [ 18.072670301842656, 59.278445124695551 ], [ 18.072918965280373, 59.278511022391605 ], [ 18.073151038060306, 59.278580323818836 ], [ 18.073565482088934, 59.278731445268534 ], [ 18.073778624225206, 59.278823486450015 ], [ 18.074105455831738, 59.278968934590935 ], [ 18.074300270978714, 59.279061291447725 ], [ 18.074404941085593, 59.279107554082593 ], [ 18.074776890348929, 59.278833547094862 ], [ 18.075300580594551, 59.278362968249176 ], [ 18.0763689667417, 59.27811576841296 ], [ 18.077520620820433, 59.277874923281558 ], [ 18.079371283185075, 59.277532272328123 ], [ 18.082728569151026, 59.276807650683992 ], [ 18.085527926079884, 59.2761794229434 ], [ 18.08721579921005, 59.275800523752409 ], [ 18.087506040201188, 59.275825625138097 ], [ 18.087568022345597, 59.275845900202135 ], [ 18.087735661018648, 59.275888460594814 ], [ 18.087906116901284, 59.275922231693293 ], [ 18.088044157455087, 59.275930317088275 ], [ 18.088219550209462, 59.275930279001621 ], [ 18.088397001079588, 59.275916047339194 ], [ 18.088513904028833, 59.275899117729359 ], [ 18.088608246949804, 59.275876788905769 ], [ 18.088682875781316, 59.275854464283974 ], [ 18.088806786463202, 59.275807118550468 ], [ 18.08890816120671, 59.275762479742006 ], [ 18.089010940607185, 59.275719869430496 ], [ 18.089117947779034, 59.275678613597123 ], [ 18.08920667553798, 59.275654256759815 ], [ 18.089324955936785, 59.275629219809005 ], [ 18.089392095490087, 59.275628809555862 ], [ 18.089440095688293, 59.275644553463238 ], [ 18.090010580528528, 59.275624037033289 ], [ 18.090120202768723, 59.275604722857423 ], [ 18.090653030232268, 59.275583370239978 ], [ 18.091164426177361, 59.275564524436476 ], [ 18.093224623326961, 59.275461021222782 ], [ 18.093345925148881, 59.274922153883566 ], [ 18.093413952182615, 59.274636869772117 ], [ 18.093582411961698, 59.274617152557269 ], [ 18.093618802244755, 59.274411572708949 ], [ 18.093661786184462, 59.274131761302826 ], [ 18.093711597889193, 59.273839928147538 ], [ 18.093745607411492, 59.273695643158327 ], [ 18.093997351273295, 59.272928389420365 ], [ 18.094042737575435, 59.27278082501762 ], [ 18.094081337941304, 59.272672604719197 ], [ 18.094115401138428, 59.272588433608206 ], [ 18.094219513986541, 59.272331493948329 ], [ 18.094457995784904, 59.27178163478137 ], [ 18.094548846165967, 59.271582682941705 ], [ 18.094664429101257, 59.271356101410838 ], [ 18.094714508939301, 59.271299639011055 ], [ 18.094839131066639, 59.271048376354244 ], [ 18.094956947173653, 59.270831471485671 ], [ 18.095401836103186, 59.270027309670773 ], [ 18.095524039996025, 59.269820852768973 ], [ 18.095630248894938, 59.269647274903207 ], [ 18.095678248720702, 59.269567489615255 ], [ 18.095919045237611, 59.269163284015683 ], [ 18.096039790394265, 59.268959618884281 ], [ 18.096236171269076, 59.268630672546003 ], [ 18.096363848568942, 59.268419410478558 ], [ 18.096570406925679, 59.268070172083817 ], [ 18.096685316446411, 59.267877002415226 ], [ 18.097025215662903, 59.267313904668619 ], [ 18.097150306797669, 59.267103944072325 ], [ 18.097613389172277, 59.266336935325768 ], [ 18.098021463275959, 59.266388600730821 ], [ 18.098700600412251, 59.266473779425674 ], [ 18.09993191324142, 59.266623085747256 ], [ 18.101494705535472, 59.266816984359657 ], [ 18.10603718139248, 59.267686248134829 ], [ 18.106302787846754, 59.267369807520872 ], [ 18.106361592496768, 59.26730079707643 ], [ 18.106484705594589, 59.26711067987921 ], [ 18.108153970796803, 59.265921194501878 ], [ 18.109300652091019, 59.265110976011314 ], [ 18.109956534329719, 59.265330020217931 ], [ 18.110297641097379, 59.265113965420397 ], [ 18.110623479037798, 59.265031712753448 ], [ 18.11143968255848, 59.264590946205537 ], [ 18.111846513930068, 59.264760068523863 ], [ 18.112195102685885, 59.264894160650293 ], [ 18.112276368905015, 59.264928325907668 ], [ 18.113218781756832, 59.264789456004671 ], [ 18.114932141971, 59.264541074670994 ], [ 18.115085332569887, 59.264566013503149 ], [ 18.114923557293498, 59.264910666179958 ], [ 18.115020954075685, 59.265007558711225 ], [ 18.115247581147969, 59.265121411681037 ], [ 18.114997173212931, 59.265326090101944 ], [ 18.114995158809549, 59.265445423991252 ], [ 18.115390425115688, 59.265623175275991 ], [ 18.115665746341627, 59.265725335831746 ], [ 18.115823257098498, 59.265793269029672 ], [ 18.115681605267216, 59.266006426310838 ], [ 18.116365934012478, 59.266147462418587 ], [ 18.116763294197998, 59.266216386903068 ], [ 18.116885669055954, 59.266230853544542 ], [ 18.117294068657742, 59.266253363017704 ], [ 18.117713482174523, 59.266297588976229 ], [ 18.117945544667485, 59.266339928217576 ], [ 18.118354028621678, 59.266450538273943 ], [ 18.119035738184426, 59.266716576713833 ], [ 18.119258955653208, 59.266552459414797 ], [ 18.119698458673344, 59.266283678257622 ], [ 18.120987301885879, 59.265471640325877 ], [ 18.121545841908627, 59.265124015881192 ], [ 18.122033208922851, 59.264836272933302 ], [ 18.12241438989227, 59.264601715567693 ], [ 18.12332521158692, 59.263999288713734 ], [ 18.123606404279212, 59.263790834261009 ], [ 18.124045719113891, 59.263903016260144 ], [ 18.124396224679458, 59.263543217853737 ], [ 18.127335617520156, 59.262691885771609 ], [ 18.126236549458742, 59.262253642912675 ], [ 18.126215122496525, 59.26220755065512 ], [ 18.126540338041998, 59.262171316542577 ], [ 18.126669139451632, 59.262193951226998 ], [ 18.126703118386597, 59.262153179956044 ], [ 18.126850980401656, 59.261936505401039 ], [ 18.126710312692897, 59.261692588908922 ], [ 18.126589928967995, 59.261581415679586 ], [ 18.126433458012237, 59.261386043538295 ], [ 18.126508744475242, 59.261048251417044 ], [ 18.127736395956745, 59.260188785458013 ], [ 18.12925312076062, 59.259267820081376 ], [ 18.129659222741843, 59.258771621334873 ], [ 18.12976397995174, 59.258653201659932 ], [ 18.129851263401228, 59.258605995285528 ], [ 18.129913651481399, 59.258578887040215 ], [ 18.129905895896766, 59.25857544440359 ], [ 18.129872430879384, 59.258567339332998 ], [ 18.129844224517853, 59.258550443239159 ], [ 18.129859981562284, 59.25850644032446 ], [ 18.129896913468823, 59.258478511512266 ], [ 18.129953228628789, 59.258456478451649 ], [ 18.130025375648508, 59.258426833288098 ], [ 18.130065752307669, 59.2583608329371 ], [ 18.130095584156383, 59.258307522347188 ], [ 18.130120134028626, 59.258260139320683 ], [ 18.130113022294399, 59.258220386089683 ], [ 18.130232186959191, 59.258123919871586 ], [ 18.130041892318609, 59.257468414281675 ], [ 18.130311297579706, 59.256852712942198 ], [ 18.130574894256426, 59.254812263231969 ], [ 18.130901053297869, 59.254067603638433 ], [ 18.131156719741945, 59.253775482104594 ], [ 18.131967097398178, 59.252849517520744 ], [ 18.131995873242449, 59.252816636262047 ], [ 18.133048404833509, 59.251613893307059 ], [ 18.133175223932643, 59.251469319034811 ], [ 18.133210012553111, 59.25137356041877 ], [ 18.132777403256828, 59.250579302610596 ], [ 18.132161943705004, 59.250239396168347 ], [ 18.131852883763116, 59.250068176854278 ], [ 18.131327713364552, 59.249758583767516 ], [ 18.131062227621825, 59.248796528310898 ], [ 18.131701986431029, 59.247592518621651 ], [ 18.131744520305336, 59.247528605944574 ], [ 18.131484602826081, 59.246246387202312 ], [ 18.129598254350075, 59.244757000238714 ], [ 18.130899699312678, 59.244002216445082 ], [ 18.133168418351964, 59.242686354489244 ], [ 18.133674175007616, 59.242401304359461 ], [ 18.131986663032112, 59.24182885100096 ] ] ] } },
{ "type": "Feature", "properties": { "omrade_namn": "Hägersten-Älvsjö", "omrade": "Hägersten - Älvsjö", "folkmangd": 128794, "areal_land_ha": 2219, "areal_vatten_ha": 230, "tathet_inv_per_ha_land": 58.04, "areal_totalt_ha": 2449, "kalla": "Stockholms statistiska årsbok tabell 2.4, 2024-12-31" }, "geometry": { "type": "Polygon", "coordinates": [ [ [ 17.998518039211362, 59.259838284477432 ], [ 17.998112999066702, 59.259914226535102 ], [ 17.997370783262298, 59.26005321126371 ], [ 17.996839477698714, 59.260166812223346 ], [ 17.992954398648365, 59.260998687930751 ], [ 17.989351852857659, 59.261771937977187 ], [ 17.988265657820669, 59.262005342198215 ], [ 17.988177794785098, 59.262017324861269 ], [ 17.987385090250779, 59.26212830700517 ], [ 17.986832808821514, 59.262200394563777 ], [ 17.98614132196251, 59.262294517240356 ], [ 17.983080304580213, 59.262440939445469 ], [ 17.980319470912008, 59.262569953843027 ], [ 17.980160775215811, 59.26272118829521 ], [ 17.980300282959774, 59.262961656340543 ], [ 17.979045123576899, 59.263468629283835 ], [ 17.977457464081503, 59.263893779123435 ], [ 17.975878589328929, 59.264083082358816 ], [ 17.9753674062874, 59.26431898327332 ], [ 17.975354173351619, 59.264322160288067 ], [ 17.975352931737806, 59.264322726325467 ], [ 17.974205818399419, 59.264597854434669 ], [ 17.971534912431462, 59.265879638386728 ], [ 17.970855190947688, 59.266547281251704 ], [ 17.96839377054469, 59.266989402719219 ], [ 17.967694213408247, 59.267364832909827 ], [ 17.966954374352426, 59.267761775636153 ], [ 17.965839052035573, 59.267939255441014 ], [ 17.963432547927603, 59.268458619433687 ], [ 17.962771722060591, 59.269040966106687 ], [ 17.962432406351958, 59.26912310167976 ], [ 17.962231241967814, 59.269171948493472 ], [ 17.961581105041695, 59.269330562068383 ], [ 17.961573561661332, 59.269339034256603 ], [ 17.961040003152, 59.269939697593479 ], [ 17.960811809568636, 59.270194556040259 ], [ 17.960130434858954, 59.270959765964427 ], [ 17.958952860220275, 59.271963352486353 ], [ 17.95687835112485, 59.272545527077057 ], [ 17.95630149662264, 59.273356013410364 ], [ 17.955859692804015, 59.273758220636402 ], [ 17.955275243770906, 59.274293649768104 ], [ 17.955315487529003, 59.274430279418176 ], [ 17.955476434032072, 59.274976507238264 ], [ 17.955671281697594, 59.275637505195185 ], [ 17.955699933922418, 59.275734689920149 ], [ 17.955835412660964, 59.276194130395034 ], [ 17.956050886187263, 59.27692138662205 ], [ 17.956172465081728, 59.277337088631761 ], [ 17.956398768997278, 59.278104435613002 ], [ 17.956875801785458, 59.279741732895211 ], [ 17.956833675023709, 59.279890720178273 ], [ 17.956415251750194, 59.281370316363741 ], [ 17.956167375013116, 59.282147844812933 ], [ 17.956136878232737, 59.282250368129858 ], [ 17.953471281632201, 59.283110612403398 ], [ 17.952962028880638, 59.283274800845724 ], [ 17.951002962428454, 59.284301209207662 ], [ 17.95091871483822, 59.284345229882895 ], [ 17.95026590697325, 59.284687336847547 ], [ 17.949752028251108, 59.284958854834983 ], [ 17.949376714756514, 59.285092749774698 ], [ 17.949871816904352, 59.285480680455301 ], [ 17.949913022679361, 59.285743090286239 ], [ 17.94992806439155, 59.285835408600413 ], [ 17.949932091416205, 59.28586022315455 ], [ 17.949971730271532, 59.286119085851425 ], [ 17.949971729921035, 59.286119085581994 ], [ 17.94965873861744, 59.286364935343961 ], [ 17.94819650138346, 59.287971872177842 ], [ 17.94750992243462, 59.288813351149088 ], [ 17.947379055252451, 59.288999278350722 ], [ 17.947585279641043, 59.28911886964837 ], [ 17.947348878945853, 59.28921477063345 ], [ 17.947199557529345, 59.289328079478729 ], [ 17.947094556048391, 59.289490725412456 ], [ 17.946999849402033, 59.289778899291548 ], [ 17.946909072826845, 59.289947966464879 ], [ 17.946345777487554, 59.292514174304799 ], [ 17.946306935773375, 59.292692707867978 ], [ 17.946203253373685, 59.293185787256711 ], [ 17.946136076611769, 59.29359125707785 ], [ 17.946069422478654, 59.293789829993806 ], [ 17.945894512186754, 59.294014585917694 ], [ 17.945683833444075, 59.294218790190413 ], [ 17.945311300197321, 59.294428250768355 ], [ 17.943916890563486, 59.295129448816901 ], [ 17.943661883129824, 59.295317453080251 ], [ 17.943488535084779, 59.295800361754196 ], [ 17.943497569235355, 59.296014744437514 ], [ 17.943454339846618, 59.296104582509614 ], [ 17.943407310524208, 59.296160709466037 ], [ 17.943334887024047, 59.2962271106204 ], [ 17.943205827739273, 59.296304701306994 ], [ 17.943016247190158, 59.296395345183775 ], [ 17.942857587011698, 59.296439794272686 ], [ 17.942722623434449, 59.296467369600656 ], [ 17.94260443601717, 59.296484995288502 ], [ 17.942491171764846, 59.296494707618351 ], [ 17.942340964048988, 59.296504719572106 ], [ 17.942253809991399, 59.296520684529021 ], [ 17.942210793783168, 59.296546858939564 ], [ 17.94219898279443, 59.296577737659717 ], [ 17.942201327710485, 59.296605433168772 ], [ 17.9422319027017, 59.296650792868476 ], [ 17.942341363543242, 59.29682525411144 ], [ 17.942412015895798, 59.296950003776772 ], [ 17.942465462301918, 59.297076982513751 ], [ 17.942501353663932, 59.29720547196834 ], [ 17.942519691598019, 59.297335023323605 ], [ 17.942520304824939, 59.297467072414932 ], [ 17.942472313527496, 59.297861830177418 ], [ 17.942405423302034, 59.298181283036463 ], [ 17.942256334200607, 59.298529712389467 ], [ 17.942238821490374, 59.298571151837812 ], [ 17.942180355408102, 59.298683579772423 ], [ 17.942043561707735, 59.298901128895281 ], [ 17.941891056309764, 59.299124445173966 ], [ 17.94180569171991, 59.299228904756909 ], [ 17.941729291877735, 59.299318560428624 ], [ 17.94155848990998, 59.29948546780971 ], [ 17.941361560482321, 59.299644721573657 ], [ 17.941276938204542, 59.299704872000667 ], [ 17.941266524757385, 59.299722250836325 ], [ 17.941257084354113, 59.299758266329214 ], [ 17.941273162352516, 59.299789403212614 ], [ 17.941280750601155, 59.299803261086616 ], [ 17.941300236799826, 59.299817695145585 ], [ 17.941340568134095, 59.299839095662577 ], [ 17.941379376470941, 59.299848815977775 ], [ 17.941448199865665, 59.299863033245479 ], [ 17.941621275295496, 59.299888527813508 ], [ 17.939961263453338, 59.301173039213488 ], [ 17.938609255025511, 59.302222660952161 ], [ 17.936762635824195, 59.303697770665664 ], [ 17.937139124910416, 59.303783670624263 ], [ 17.938143351751556, 59.305606538272144 ], [ 17.947473607405772, 59.306367101285005 ], [ 17.947774351900435, 59.306494943078654 ], [ 17.9486414412264, 59.306869057849489 ], [ 17.953036429968886, 59.30875787857633 ], [ 17.95482664759108, 59.310700525893019 ], [ 17.954562940038244, 59.310839117280011 ], [ 17.958469421829022, 59.310859203846988 ], [ 17.960554713343701, 59.311017192698806 ], [ 17.963408343199291, 59.311233361348926 ], [ 17.964766221013523, 59.31148345634962 ], [ 17.96919241253137, 59.312241226164758 ], [ 17.970381049833112, 59.312830176382604 ], [ 17.972037487043838, 59.313630625321579 ], [ 17.972932632327037, 59.314013842345418 ], [ 17.974580241363004, 59.314720994420028 ], [ 17.975992898569181, 59.315663783903602 ], [ 17.976893657962034, 59.316263529233744 ], [ 17.981749305844286, 59.315227822351972 ], [ 17.985180384508819, 59.315990914409049 ], [ 17.987289699381975, 59.316350504329634 ], [ 17.991792037930498, 59.316951224112067 ], [ 17.992126724950097, 59.316987201388621 ], [ 17.992847892816059, 59.317099136878561 ], [ 17.994829984398955, 59.317426738399874 ], [ 17.996426877615651, 59.317968597146155 ], [ 17.998427085703618, 59.318637016730271 ], [ 18.000053298888364, 59.319414721046897 ], [ 18.002957992184275, 59.320799949988938 ], [ 18.009928945790083, 59.320809972636489 ], [ 18.0126015601459, 59.319443479831108 ], [ 18.013984477011274, 59.317854212028919 ], [ 18.015670019625933, 59.317252080927432 ], [ 18.017960176638084, 59.316437316746956 ], [ 18.019969043819941, 59.316400195540112 ], [ 18.021037494763632, 59.316280561923456 ], [ 18.021857618687335, 59.316188771336584 ], [ 18.02256128882264, 59.316109808927365 ], [ 18.022842822267009, 59.316071255150611 ], [ 18.024492918914046, 59.315843931534772 ], [ 18.024716950742487, 59.315814102858326 ], [ 18.026218073400177, 59.315477015113544 ], [ 18.02948888689744, 59.314542394470962 ], [ 18.030428078045166, 59.314243703743607 ], [ 18.030931913189409, 59.314038360643792 ], [ 18.031717122151893, 59.313706748561479 ], [ 18.033264038696, 59.313053298506034 ], [ 18.035116598863116, 59.312243826643453 ], [ 18.036555290610039, 59.31161728672523 ], [ 18.040024257238869, 59.310189788569488 ], [ 18.039773067470861, 59.309962980168635 ], [ 18.036831537499662, 59.307620559512536 ], [ 18.038693875118387, 59.307032218721943 ], [ 18.038916947537217, 59.305352180008512 ], [ 18.038921388815197, 59.305352180656847 ], [ 18.038869501356018, 59.305314480657643 ], [ 18.038783540323056, 59.305246210549164 ], [ 18.038565908037363, 59.305078694307028 ], [ 18.038548485331731, 59.305063135422927 ], [ 18.038335387671154, 59.304896533425172 ], [ 18.038120311650854, 59.304725549981065 ], [ 18.0379215003789, 59.304570493168903 ], [ 18.037688679064484, 59.304374829600569 ], [ 18.03680551486412, 59.303704350522572 ], [ 18.035862726167732, 59.303088967732485 ], [ 18.035316936126545, 59.302765484435149 ], [ 18.034721057260299, 59.3024458946782 ], [ 18.034502616334965, 59.302330108445886 ], [ 18.033661726785841, 59.30192651373666 ], [ 18.033109357625499, 59.30168114074268 ], [ 18.032887341253097, 59.301593153604557 ], [ 18.031590374132669, 59.301085957145851 ], [ 18.030565719035412, 59.300688742811353 ], [ 18.03032579847822, 59.300596070679653 ], [ 18.030085985799413, 59.300501845211912 ], [ 18.029413155529792, 59.3002418603349 ], [ 18.028783167937345, 59.299996387881137 ], [ 18.028507095180434, 59.299888713232804 ], [ 18.028474021129583, 59.299875159909377 ], [ 18.028296753922547, 59.299804015328483 ], [ 18.028023966566, 59.299696115960408 ], [ 18.027605971864443, 59.299530776373956 ], [ 18.027254382938466, 59.299380980683829 ], [ 18.026622128467281, 59.299094150487825 ], [ 18.026405796299397, 59.298987123065039 ], [ 18.026108661292486, 59.298838540330351 ], [ 18.025793409004873, 59.298678103172044 ], [ 18.025316497723473, 59.298419904544801 ], [ 18.025264975191469, 59.298392701238647 ], [ 18.025105292713171, 59.298300353699702 ], [ 18.024785918439164, 59.298109894940971 ], [ 18.024396846295215, 59.297870880448436 ], [ 18.024302603997725, 59.297809159251571 ], [ 18.024267418184564, 59.297786861016242 ], [ 18.024193154521427, 59.297738071353784 ], [ 18.024079022058537, 59.297664118616332 ], [ 18.023887162004904, 59.297531177498634 ], [ 18.023659402052111, 59.297372652105388 ], [ 18.023265324278714, 59.297083057136128 ], [ 18.022996472825799, 59.296864539835923 ], [ 18.022605124581037, 59.296530845695187 ], [ 18.022566988777648, 59.296497412793087 ], [ 18.022490593961205, 59.296431256041075 ], [ 18.022416010941516, 59.296361374254175 ], [ 18.022309356602207, 59.296266149590437 ], [ 18.022262107648892, 59.296221474465945 ], [ 18.022184387195459, 59.296148709962665 ], [ 18.022110345320481, 59.296082724216987 ], [ 18.02173489573866, 59.295668560169887 ], [ 18.021600960513837, 59.295504381976265 ], [ 18.021433773303173, 59.295305613763873 ], [ 18.02113912474903, 59.29491792730996 ], [ 18.020970634886741, 59.294679882650584 ], [ 18.020815614330573, 59.294435477007688 ], [ 18.020625573436739, 59.294134961114786 ], [ 18.020405423302343, 59.293704235609695 ], [ 18.020228259464236, 59.293252840684097 ], [ 18.020121748535505, 59.292864778653986 ], [ 18.020015820454649, 59.292491258681245 ], [ 18.01999566008708, 59.292410158314631 ], [ 18.019940607828545, 59.29219278306978 ], [ 18.019938525919432, 59.292186992553532 ], [ 18.019935122390731, 59.292170519580878 ], [ 18.019913459845142, 59.292083485145632 ], [ 18.019901242704236, 59.292039666881671 ], [ 18.01986169363424, 59.291878633213436 ], [ 18.019833447055341, 59.29177941567135 ], [ 18.019787328053386, 59.291578281685766 ], [ 18.019772430466475, 59.291483493599266 ], [ 18.01973777672811, 59.291260900066511 ], [ 18.019729547516743, 59.291228887174597 ], [ 18.019684625720114, 59.290930833516171 ], [ 18.019645505411738, 59.29068647053559 ], [ 18.019547679507308, 59.290076563668393 ], [ 18.019529349093705, 59.289946038836838 ], [ 18.019512058914305, 59.289826752879584 ], [ 18.019497048897144, 59.289739792302164 ], [ 18.019452109899575, 59.289444871348962 ], [ 18.01941751828145, 59.289217439326848 ], [ 18.019336912015859, 59.288702078783544 ], [ 18.019269362567506, 59.288264180958365 ], [ 18.019577229591562, 59.288111835909575 ], [ 18.020209909898387, 59.287801556433941 ], [ 18.02050414583065, 59.287672283898736 ], [ 18.020839187942329, 59.287576900376109 ], [ 18.021264362267953, 59.287460842526741 ], [ 18.021314741626163, 59.287503424294172 ], [ 18.02137924299031, 59.287531504005855 ], [ 18.021546598547161, 59.287572189951625 ], [ 18.021655483298161, 59.28758963633291 ], [ 18.021750284113896, 59.287585795047015 ], [ 18.021841041196893, 59.287574214071341 ], [ 18.021917708689191, 59.287547143944437 ], [ 18.022155827520947, 59.287422389666496 ], [ 18.02245753373057, 59.287376261464225 ], [ 18.022659252964559, 59.287342439123371 ], [ 18.022725699973993, 59.287440213646349 ], [ 18.022852632136999, 59.287566065933682 ], [ 18.022950271399512, 59.287651362341549 ], [ 18.022985928944859, 59.287680214288713 ], [ 18.023001324240081, 59.28768950034253 ], [ 18.023042010488354, 59.28770813810916 ], [ 18.023082379872054, 59.287727754194862 ], [ 18.023119249642811, 59.287738231130263 ], [ 18.023164964921371, 59.28774634948261 ], [ 18.023164641251082, 59.287770945390172 ], [ 18.023152667531935, 59.287812235096219 ], [ 18.023129072512514, 59.287893288320838 ], [ 18.023124670238193, 59.28790863729386 ], [ 18.023215830757376, 59.287982899379784 ], [ 18.023471783456301, 59.288191407542939 ], [ 18.023694254249826, 59.288372796541346 ], [ 18.024117466865757, 59.288649694459117 ], [ 18.023835131780849, 59.288861256988923 ], [ 18.023679593616389, 59.289164094738091 ], [ 18.024020121227544, 59.289360217996467 ], [ 18.024702725540315, 59.289413801229237 ], [ 18.025328549719909, 59.289114419245955 ], [ 18.026003809842368, 59.288625038032585 ], [ 18.026042864118487, 59.288639562711751 ], [ 18.026936742401869, 59.288357196008889 ], [ 18.027437294481366, 59.288005070665157 ], [ 18.028200750564743, 59.28755964721131 ], [ 18.028638603370585, 59.287251129385027 ], [ 18.028669853121151, 59.287229143622042 ], [ 18.028823615451604, 59.287214026126058 ], [ 18.02935757306286, 59.286840410729425 ], [ 18.029751107071412, 59.286571538310689 ], [ 18.029858574354698, 59.286503258287084 ], [ 18.029986469384969, 59.286427783351591 ], [ 18.030454173655343, 59.28617908665538 ], [ 18.030798190326763, 59.285919607974385 ], [ 18.030899375140752, 59.285848174891093 ], [ 18.030965429989557, 59.285805046838711 ], [ 18.030198073941147, 59.285606326475317 ], [ 18.031154851446011, 59.28479089941235 ], [ 18.031443424344129, 59.284882539281362 ], [ 18.031584153125856, 59.28491691338845 ], [ 18.031744920319053, 59.284947844401373 ], [ 18.032107541866008, 59.284967074720527 ], [ 18.033080811710089, 59.284972045887088 ], [ 18.033581945482624, 59.284976641073257 ], [ 18.033619525061827, 59.284977231737692 ], [ 18.033708013584587, 59.28498354145043 ], [ 18.033974016696558, 59.28501036945638 ], [ 18.034354287060975, 59.28510056608841 ], [ 18.034595458199899, 59.285158195859296 ], [ 18.034687550153478, 59.28517858078402 ], [ 18.034739215487544, 59.285182351483499 ], [ 18.034889362928098, 59.285180314493779 ], [ 18.03503477798527, 59.285215816470661 ], [ 18.035085676206055, 59.285235610123109 ], [ 18.03531104218608, 59.285336861837159 ], [ 18.035517666963109, 59.285400147821186 ], [ 18.035570997429115, 59.285406548615214 ], [ 18.035613432362297, 59.285413539978883 ], [ 18.035698260969454, 59.285435655437311 ], [ 18.035723719735529, 59.285433334903566 ], [ 18.035751603220174, 59.285426939553808 ], [ 18.035801312420645, 59.285397864242789 ], [ 18.03587285512209, 59.285358326083383 ], [ 18.035939509834073, 59.28530977451517 ], [ 18.036071708002709, 59.285196944120557 ], [ 18.036177224302733, 59.285124252226979 ], [ 18.03631545652674, 59.285056799242518 ], [ 18.036429442158408, 59.284988758460038 ], [ 18.036551728003548, 59.284894956190399 ], [ 18.036657259134085, 59.284800181591315 ], [ 18.03668638109361, 59.284755994860511 ], [ 18.036641537087881, 59.284757145185232 ], [ 18.036599119888017, 59.284750746610356 ], [ 18.036545799180747, 59.2847327035986 ], [ 18.036500962385908, 59.284701394637146 ], [ 18.036496997685447, 59.284678144678139 ], [ 18.036512326595393, 59.284638497754905 ], [ 18.036598926447795, 59.284544195650035 ], [ 18.036742893566146, 59.284382686579455 ], [ 18.03692364596801, 59.284155115950334 ], [ 18.036971896249003, 59.284102620048472 ], [ 18.037071148687151, 59.284023705588012 ], [ 18.037161478293502, 59.283958353199395 ], [ 18.037296389766958, 59.283864956306488 ], [ 18.03813076886706, 59.283357609481598 ], [ 18.040692057794296, 59.281814643374879 ], [ 18.039095181706781, 59.281297112744774 ], [ 18.038208976597176, 59.28103565647222 ], [ 18.037818549665648, 59.280913793913008 ], [ 18.036891058339371, 59.280613338476201 ], [ 18.036695841278821, 59.280550089476193 ], [ 18.036290869631078, 59.280419988453389 ], [ 18.036046324715596, 59.280335355797078 ], [ 18.035988683451144, 59.280308764905804 ], [ 18.0357835699388, 59.280277659203257 ], [ 18.034870522663969, 59.279915058069854 ], [ 18.034771045319399, 59.279911852708139 ], [ 18.034552291299249, 59.279808370488382 ], [ 18.034558966656384, 59.279751081079844 ], [ 18.034494372359429, 59.279690600241615 ], [ 18.032485936845518, 59.278658989683841 ], [ 18.031900310256184, 59.278408232854865 ], [ 18.031058346015048, 59.27820117196098 ], [ 18.030050532748064, 59.278102285539362 ], [ 18.027948591398719, 59.278009498855553 ], [ 18.026223782083878, 59.278026346375505 ], [ 18.02463022024769, 59.278117507924897 ], [ 18.023364863126847, 59.278188838529196 ], [ 18.022912659704087, 59.278186945173076 ], [ 18.022659004204453, 59.278183346552403 ], [ 18.022471644395601, 59.278203231721456 ], [ 18.022154577212881, 59.278185089534382 ], [ 18.021968548452186, 59.278160628392904 ], [ 18.021945026320502, 59.278145046711337 ], [ 18.02183099068278, 59.278101063065897 ], [ 18.021195080478194, 59.278010885735981 ], [ 18.020520646014774, 59.277868349491442 ], [ 18.020131075530387, 59.277757063448121 ], [ 18.019796667563909, 59.277640514090265 ], [ 18.019120545740019, 59.277361522000049 ], [ 18.018526142693382, 59.277065746014713 ], [ 18.017600278105984, 59.276590809855136 ], [ 18.015635115503493, 59.275593583555079 ], [ 18.014485253743327, 59.275004738527528 ], [ 18.013731760012178, 59.274592227680237 ], [ 18.013298481449876, 59.274321723492491 ], [ 18.012734872925325, 59.273913291709604 ], [ 18.012388378872831, 59.273603154803233 ], [ 18.01221401912731, 59.273430168080971 ], [ 18.011776272692341, 59.27294966007284 ], [ 18.011244569500036, 59.27234672144774 ], [ 18.010941715370187, 59.272012244668517 ], [ 18.010580619591419, 59.271593644487858 ], [ 18.010264921085405, 59.271246809667936 ], [ 18.010136805425098, 59.271105175479036 ], [ 18.009971547392134, 59.270890736254479 ], [ 18.009498428070888, 59.27041760444957 ], [ 18.009197351011483, 59.270163402080122 ], [ 18.008852645319752, 59.269907041650931 ], [ 18.008356976909763, 59.269570737587173 ], [ 18.008312896236141, 59.269555722157065 ], [ 18.008277983530178, 59.269554829675762 ], [ 18.008203632530584, 59.269506806460257 ], [ 18.007663908354317, 59.269147540251922 ], [ 18.007409099736009, 59.268924897907731 ], [ 18.006527983477906, 59.268301659114336 ], [ 18.006399474934266, 59.268215140263749 ], [ 18.006069061099968, 59.267982078829093 ], [ 18.0058450760677, 59.267849647762986 ], [ 18.005731315483743, 59.267741957698803 ], [ 18.005014328766549, 59.268188839157077 ], [ 18.00359197600784, 59.269083618542851 ], [ 18.003323899103307, 59.269252028062638 ], [ 18.003093419428161, 59.269396816971849 ], [ 18.002984062986549, 59.269463378720417 ], [ 18.002879262143193, 59.269531917389159 ], [ 18.002779192779364, 59.269602253361896 ], [ 18.002684205455054, 59.269674386911589 ], [ 18.002594125170042, 59.269748228106465 ], [ 18.002509302828265, 59.269823597685637 ], [ 18.002429563266421, 59.269900495572827 ], [ 18.002355257220792, 59.269978742327154 ], [ 18.002286384889288, 59.270058248101407 ], [ 18.002222946653013, 59.270139013173406 ], [ 18.00188058152224, 59.270066516279464 ], [ 18.001576676033867, 59.270300204944427 ], [ 18.001504185382867, 59.270307785169457 ], [ 18.001329463738958, 59.270258863283011 ], [ 18.000799249285382, 59.270604364827406 ], [ 17.999973621890103, 59.269403209292072 ], [ 18.000036037250847, 59.269390050646372 ], [ 17.99978610897081, 59.269219112975001 ], [ 17.999242269223611, 59.26931059793138 ], [ 17.999022254259998, 59.269518573532778 ], [ 17.9986357479515, 59.26962629665644 ], [ 17.998500593575383, 59.269698758415188 ], [ 17.998434704182834, 59.269712417450471 ], [ 17.998210072720269, 59.269758803603565 ], [ 17.997760359839791, 59.26964698144031 ], [ 17.997642937548022, 59.269542834642593 ], [ 17.997577033807641, 59.26939987525499 ], [ 17.997492753000699, 59.26923804883409 ], [ 17.997352300844302, 59.268713831796781 ], [ 17.99722230528516, 59.268411528008286 ], [ 17.997212731607252, 59.26829377647671 ], [ 17.997183275962239, 59.26798855588558 ], [ 17.997156751295666, 59.267584539156339 ], [ 17.997122797691048, 59.267118912126207 ], [ 17.99727509308989, 59.266609006662961 ], [ 17.99732889988389, 59.266427333911864 ], [ 17.997386759623939, 59.26628318554355 ], [ 17.997403373245408, 59.266200248509548 ], [ 17.997626005939672, 59.265465409621271 ], [ 17.997653021190505, 59.265202503595731 ], [ 17.997693354739674, 59.26491410068526 ], [ 17.997711244534198, 59.264704386347795 ], [ 17.997748227506381, 59.264435982047218 ], [ 17.997795115287616, 59.264197851585472 ], [ 17.997901135012555, 59.263707314081778 ], [ 17.998079797365531, 59.262935973130645 ], [ 17.99816478441214, 59.262576072652976 ], [ 17.998216931404119, 59.262225933174243 ], [ 17.998259438612237, 59.262032423547673 ], [ 17.998445289753189, 59.260981874084749 ], [ 17.99844801356539, 59.260848616230611 ], [ 17.998548510004454, 59.260796739661011 ], [ 17.998574030828198, 59.260230330514283 ], [ 17.998571344562851, 59.260082608799244 ], [ 17.998581083884307, 59.259826421483801 ], [ 17.998518039211362, 59.259838284477432 ] ] ] } },
{ "type": "Feature", "properties": { "omrade_namn": "Hässelby-Vällingby", "omrade": "Hässelby - Vällingby", "folkmangd": 76340, "areal_land_ha": 1960, "areal_vatten_ha": 509, "tathet_inv_per_ha_land": 38.95, "areal_totalt_ha": 2469, "kalla": "Stockholms statistiska årsbok tabell 2.4, 2024-12-31" }, "geometry": { "type": "Polygon", "coordinates": [ [ [ 17.825249635107205, 59.354132986596333 ], [ 17.825206136644706, 59.354224036560737 ], [ 17.825144147432123, 59.354306597433691 ], [ 17.825054413293298, 59.354461807935138 ], [ 17.825032122567073, 59.354588263165148 ], [ 17.816208592322887, 59.358176422563325 ], [ 17.808659836612915, 59.357018215473651 ], [ 17.803311468592145, 59.35619730042977 ], [ 17.801120861305012, 59.355861081657245 ], [ 17.79628637342169, 59.355118914277227 ], [ 17.795037758954461, 59.35686440082219 ], [ 17.794114005292393, 59.358155508556436 ], [ 17.793755166674735, 59.358656972278581 ], [ 17.793755004848521, 59.358657198421199 ], [ 17.793688457672076, 59.358750195147934 ], [ 17.792986809775076, 59.359730669603344 ], [ 17.787379493531084, 59.367139699638528 ], [ 17.788028464153694, 59.370606072785954 ], [ 17.788042216525383, 59.370855020812598 ], [ 17.787457928637195, 59.371398730259699 ], [ 17.78188282727664, 59.3765856761528 ], [ 17.773249033790734, 59.384614753181054 ], [ 17.773125785681525, 59.384661790285172 ], [ 17.762206625945559, 59.38881274069692 ], [ 17.760692003425188, 59.391767546974897 ], [ 17.760944335141541, 59.391857851645128 ], [ 17.770429976806621, 59.39522318949895 ], [ 17.772052060806615, 59.395798560046899 ], [ 17.772229622366297, 59.395861551465337 ], [ 17.773029482562997, 59.396145253882061 ], [ 17.773207013384251, 59.396208145168089 ], [ 17.773231819316909, 59.396217014488542 ], [ 17.773451651105582, 59.396294979171579 ], [ 17.773512062306406, 59.396315999465862 ], [ 17.773883078430519, 59.396447721676374 ], [ 17.774228084406122, 59.396570340138666 ], [ 17.776636005586759, 59.397424248148987 ], [ 17.776822745765603, 59.397490466628817 ], [ 17.779466805532071, 59.398428015783146 ], [ 17.779471278661042, 59.398429595608803 ], [ 17.779478331521219, 59.398426688953087 ], [ 17.780206727446544, 59.398125741171498 ], [ 17.78048288344576, 59.398012362449876 ], [ 17.780644991535048, 59.397945741673688 ], [ 17.780978728046708, 59.397808282787928 ], [ 17.781453127981347, 59.39761258487794 ], [ 17.782059195953167, 59.397362442467724 ], [ 17.782627740328955, 59.397128652750553 ], [ 17.783215465777356, 59.39688640088665 ], [ 17.783635056969167, 59.396712951348839 ], [ 17.784292342155545, 59.396442107362518 ], [ 17.784542050290497, 59.39633957959942 ], [ 17.785965532789781, 59.395752912682752 ], [ 17.786056800326616, 59.39571511948666 ], [ 17.786608528406759, 59.395487589352442 ], [ 17.787102003443216, 59.395284442057481 ], [ 17.7876696151895, 59.395049866927422 ], [ 17.788101080970581, 59.394871470450617 ], [ 17.788576843936578, 59.394675534053405 ], [ 17.788874189352864, 59.394553267087701 ], [ 17.789189059175808, 59.394422678226491 ], [ 17.789736384286385, 59.394198639506463 ], [ 17.78994354345533, 59.394113245145753 ], [ 17.796513461427747, 59.391403116517544 ], [ 17.797536443802979, 59.390980183906684 ], [ 17.798687261698387, 59.390506243073418 ], [ 17.802445110816937, 59.392062965066849 ], [ 17.809676022970187, 59.394953449917104 ], [ 17.809482924607615, 59.395004243756439 ], [ 17.811264517301293, 59.39567987677151 ], [ 17.811341560723694, 59.395727402691371 ], [ 17.81192618925121, 59.396103773314508 ], [ 17.812492348455141, 59.396468238869375 ], [ 17.81271969724402, 59.396614585809132 ], [ 17.813589256548443, 59.397107549389887 ], [ 17.813589292761034, 59.397107569873029 ], [ 17.814351384401476, 59.397505001408234 ], [ 17.814976050683534, 59.397755704976383 ], [ 17.815441700515674, 59.39786904539406 ], [ 17.81579648408924, 59.397929398575052 ], [ 17.815882584053515, 59.39795065284595 ], [ 17.815883276619562, 59.397951458328308 ], [ 17.815883633846266, 59.397951546736167 ], [ 17.816089960170103, 59.398191837791238 ], [ 17.816535171073642, 59.398709619368653 ], [ 17.816573164117969, 59.398738195706251 ], [ 17.816815542176958, 59.398913086750085 ], [ 17.816962651641653, 59.399026459917877 ], [ 17.817141097839407, 59.399165358039077 ], [ 17.817152729377955, 59.399174106377821 ], [ 17.817286554050014, 59.398993938144926 ], [ 17.817867803714087, 59.398394704138617 ], [ 17.818074488852165, 59.398290364273066 ], [ 17.818214894297142, 59.398219488678485 ], [ 17.818363669158192, 59.398144384518318 ], [ 17.818654014294093, 59.397957592548806 ], [ 17.818884596998696, 59.397733170387241 ], [ 17.818966020001941, 59.397693736462543 ], [ 17.819772659294678, 59.39717533369592 ], [ 17.819826490666454, 59.396676728692128 ], [ 17.82105582352829, 59.395821839709093 ], [ 17.822785630617879, 59.394618960452334 ], [ 17.823934821336891, 59.393819140385787 ], [ 17.824878057239349, 59.393162611191713 ], [ 17.825358071146727, 59.392828498031157 ], [ 17.826483107773441, 59.392045216830972 ], [ 17.827255042090474, 59.391508025941718 ], [ 17.827110466344333, 59.390906203177487 ], [ 17.827067241318222, 59.390729682368416 ], [ 17.826996812460791, 59.390437685655968 ], [ 17.826924083323952, 59.390139849749616 ], [ 17.826744095417222, 59.389380969823065 ], [ 17.826742669641639, 59.38937503238926 ], [ 17.826742410975172, 59.389373952943366 ], [ 17.826708236611907, 59.389240420206008 ], [ 17.826618946543604, 59.388864910138629 ], [ 17.826478861041792, 59.388277374234548 ], [ 17.82635894842641, 59.387780120283317 ], [ 17.826279196103819, 59.387444248685121 ], [ 17.825845563848564, 59.385647985697261 ], [ 17.825496710053979, 59.3842109165209 ], [ 17.825410182612689, 59.383851717583333 ], [ 17.825289219081785, 59.38334953812172 ], [ 17.82525614640322, 59.383205614496291 ], [ 17.825153039791388, 59.382757018369659 ], [ 17.825132313937416, 59.38266685610941 ], [ 17.825094126622634, 59.382500693674849 ], [ 17.825017291947947, 59.382166357216668 ], [ 17.825009176143016, 59.382131055343876 ], [ 17.8249748490359, 59.381979469102895 ], [ 17.824907710557074, 59.381712025669671 ], [ 17.826535638423056, 59.381544051883658 ], [ 17.828545072437702, 59.381330091409616 ], [ 17.830260376166606, 59.38114741893672 ], [ 17.830639809168915, 59.381107007457096 ], [ 17.830829622251034, 59.381086788053899 ], [ 17.833669781728748, 59.381149416209468 ], [ 17.83439781793275, 59.38116543713776 ], [ 17.835085283415928, 59.381180572301595 ], [ 17.835917349480852, 59.381198892529937 ], [ 17.836639470734717, 59.381214832007572 ], [ 17.836824179707826, 59.38121882329564 ], [ 17.838423632939712, 59.381254107379881 ], [ 17.839741953397546, 59.381283111625493 ], [ 17.840383427619489, 59.381696552784128 ], [ 17.840576058308962, 59.381832125121583 ], [ 17.840710483948403, 59.381917264789209 ], [ 17.840972275633764, 59.382083079326712 ], [ 17.841043011096247, 59.382127885637914 ], [ 17.843770998558288, 59.383883100475252 ], [ 17.846317735426986, 59.385521296296751 ], [ 17.846592759695518, 59.385697628993611 ], [ 17.846621987149131, 59.385716212409783 ], [ 17.850947163983172, 59.387456358603956 ], [ 17.853214582996621, 59.388364216739539 ], [ 17.853564562004539, 59.388503992377061 ], [ 17.85380359386609, 59.388349543846168 ], [ 17.853852398775725, 59.388238031045191 ], [ 17.853909064850708, 59.388080518729666 ], [ 17.853947676404221, 59.387921434111817 ], [ 17.853960033052967, 59.387841842323745 ], [ 17.853965489483247, 59.387761138641828 ], [ 17.853962080517874, 59.387603672189336 ], [ 17.853953852379199, 59.387523832022175 ], [ 17.853936880593125, 59.387443942571167 ], [ 17.853916697067859, 59.387364021694594 ], [ 17.853882459968329, 59.387253069348851 ], [ 17.85389772084535, 59.387188535436501 ], [ 17.85521743107153, 59.387265589426917 ], [ 17.85610270795155, 59.387319991005363 ], [ 17.856794126775576, 59.387345300277296 ], [ 17.857985641542655, 59.387392198481521 ], [ 17.859746432161362, 59.387440558520538 ], [ 17.860325360631325, 59.387445939564927 ], [ 17.863198894023451, 59.387471813505819 ], [ 17.865463424871663, 59.387498902246982 ], [ 17.865656395371136, 59.387512951544032 ], [ 17.866380714878215, 59.387516248520448 ], [ 17.866386519926202, 59.387403941514393 ], [ 17.866394857752212, 59.387310661769646 ], [ 17.866409396827653, 59.387100308701257 ], [ 17.866427054335755, 59.3870771562949 ], [ 17.86651535305581, 59.387044012844008 ], [ 17.866565169618298, 59.387038281019898 ], [ 17.866663076373239, 59.387049069527556 ], [ 17.866677643540964, 59.387052898356593 ], [ 17.866657461662435, 59.387071199097917 ], [ 17.866684320546607, 59.3870829468297 ], [ 17.866702658572539, 59.387095282881852 ], [ 17.866716025472225, 59.387121714810945 ], [ 17.866709213282853, 59.387147128299709 ], [ 17.8666824369244, 59.387170868188406 ], [ 17.866642980845171, 59.38719308041636 ], [ 17.866613953710161, 59.387213342638908 ], [ 17.866583637189894, 59.387234419862196 ], [ 17.866560261946713, 59.387257267255386 ], [ 17.866554865062437, 59.38751009735914 ], [ 17.868128379928446, 59.387513617970704 ], [ 17.86814072991918, 59.387410029042556 ], [ 17.868133604084065, 59.386998980780859 ], [ 17.868160922405092, 59.386776590336709 ], [ 17.868098584659972, 59.386645075714576 ], [ 17.868009959557842, 59.386516196285349 ], [ 17.867963480011667, 59.386368609359465 ], [ 17.867875511448517, 59.386119048173128 ], [ 17.867849926931694, 59.385995633249749 ], [ 17.867768559417964, 59.385510054128233 ], [ 17.867696959392685, 59.385155935230244 ], [ 17.867532109553821, 59.384099011668944 ], [ 17.867550301887007, 59.383667250108701 ], [ 17.867511445783684, 59.383567961826287 ], [ 17.867444091580378, 59.383396216094226 ], [ 17.867325893499437, 59.382929401052003 ], [ 17.867326934482186, 59.382747033979548 ], [ 17.867317394801528, 59.382578071213537 ], [ 17.867286599854172, 59.382449292090385 ], [ 17.867302946592947, 59.382347405046211 ], [ 17.867272245455425, 59.382199863350095 ], [ 17.867231353789759, 59.381993293708796 ], [ 17.867212385517277, 59.381861855620734 ], [ 17.867176780274107, 59.381653956250425 ], [ 17.867151197245175, 59.381531889019058 ], [ 17.867141375941237, 59.381407170092537 ], [ 17.867141737106735, 59.381342807630688 ], [ 17.867100887272091, 59.381132216385204 ], [ 17.867083818966307, 59.381013519065462 ], [ 17.867053409143232, 59.38081434374412 ], [ 17.867040168862268, 59.380621818667109 ], [ 17.867028110916021, 59.380428640039284 ], [ 17.866925035892805, 59.380102138864665 ], [ 17.866902317787318, 59.379937113310405 ], [ 17.866889793745617, 59.379827094156234 ], [ 17.866830967922912, 59.379541287177425 ], [ 17.866817043367714, 59.37941447946789 ], [ 17.866789050923455, 59.379327247154997 ], [ 17.866775362924681, 59.379230350219416 ], [ 17.866728896208507, 59.379055899593681 ], [ 17.866710295277997, 59.378988052976787 ], [ 17.8667013441958, 59.378893586776151 ], [ 17.866862679683106, 59.378891402689618 ], [ 17.86681208930997, 59.378605536110022 ], [ 17.866897500023981, 59.378605662489861 ], [ 17.866987620205443, 59.378613066764977 ], [ 17.867181993649137, 59.378642411489359 ], [ 17.867333629986955, 59.378678963996045 ], [ 17.867551600625678, 59.378732571145491 ], [ 17.867764794752521, 59.378791009378808 ], [ 17.867937079009284, 59.378838247040633 ], [ 17.868219535830729, 59.378833913101396 ], [ 17.868878430037121, 59.378812409403103 ], [ 17.869470968024746, 59.3787902132242 ], [ 17.869639552415048, 59.378791257776946 ], [ 17.869803338419736, 59.37880737611205 ], [ 17.869961801288234, 59.378838109561947 ], [ 17.870105306917466, 59.378882205484601 ], [ 17.87018581250102, 59.378913776999788 ], [ 17.870206276199703, 59.378922720663169 ], [ 17.870240778914116, 59.378941190901109 ], [ 17.870266020253364, 59.378961048222521 ], [ 17.870285288121039, 59.378982647332727 ], [ 17.870298127831656, 59.379005457897392 ], [ 17.870304296229701, 59.379028976990668 ], [ 17.870331305641326, 59.379260643461983 ], [ 17.870954972282313, 59.379120190158048 ], [ 17.871085432365948, 59.379035342006723 ], [ 17.871115917054691, 59.37908394129019 ], [ 17.871421832151274, 59.379245183689974 ], [ 17.872993810260308, 59.379183302996324 ], [ 17.87334659948236, 59.379008509183173 ], [ 17.873727288085366, 59.378823771983797 ], [ 17.873748188152952, 59.378810776498248 ], [ 17.873768470511397, 59.378798166133564 ], [ 17.87379614788879, 59.378768205258062 ], [ 17.873808424400497, 59.378736328342576 ], [ 17.873961965711178, 59.378695370575457 ], [ 17.874009296099075, 59.378713705619447 ], [ 17.874065894117113, 59.378722951601432 ], [ 17.874125309156639, 59.37872205741791 ], [ 17.87420104604649, 59.378712183017775 ], [ 17.874278102515913, 59.37870548807777 ], [ 17.874623704649029, 59.378712783078662 ], [ 17.874739785403818, 59.378711879586191 ], [ 17.874796578584867, 59.37871108913162 ], [ 17.874967785730636, 59.37869875517481 ], [ 17.875063258222124, 59.378682875747998 ], [ 17.875155009963706, 59.378662080730493 ], [ 17.876025858475586, 59.378448738134495 ], [ 17.876137779736183, 59.378412638279755 ], [ 17.876243603527332, 59.378372517340978 ], [ 17.876342920408248, 59.378328293796983 ], [ 17.876683240517746, 59.37816433527292 ], [ 17.876715010854333, 59.378141525033712 ], [ 17.876967054528908, 59.378029462496848 ], [ 17.877840175209535, 59.378503801904266 ], [ 17.877997878655417, 59.378589300785187 ], [ 17.878546485072551, 59.37886221194168 ], [ 17.878594563021185, 59.378866075660525 ], [ 17.879083435184516, 59.378704363716793 ], [ 17.879554139209731, 59.378550883415869 ], [ 17.880165724327728, 59.378368286396018 ], [ 17.880689243865266, 59.378237091926515 ], [ 17.882236563527258, 59.377842701433998 ], [ 17.88274089262304, 59.377712145494762 ], [ 17.882972718051651, 59.377512995772655 ], [ 17.88316327083524, 59.377299965606369 ], [ 17.88331674167561, 59.377079344743272 ], [ 17.88336134349975, 59.37699179174426 ], [ 17.88347874778513, 59.37676106801689 ], [ 17.883508535781587, 59.376621968414469 ], [ 17.883546909195953, 59.376341137457814 ], [ 17.883552726367746, 59.376186915567821 ], [ 17.883542799533654, 59.376112045065348 ], [ 17.883528477141777, 59.375988415731584 ], [ 17.883501732016079, 59.37588622420509 ], [ 17.883477949549849, 59.375792950547023 ], [ 17.883407032920381, 59.375628858437636 ], [ 17.883762367994272, 59.375594561311893 ], [ 17.884185434086849, 59.375596997547746 ], [ 17.884852752369213, 59.375602398607157 ], [ 17.885258859960018, 59.375594611057153 ], [ 17.885459372162053, 59.375585372189548 ], [ 17.885627877658738, 59.375574429759844 ], [ 17.886336028765331, 59.375512255713517 ], [ 17.88684586731944, 59.375465902184771 ], [ 17.88715851127477, 59.375437239495149 ], [ 17.887635858332061, 59.375362437475744 ], [ 17.887987161705293, 59.375291983133664 ], [ 17.887958055322333, 59.375379234882189 ], [ 17.888036369400599, 59.375439491061549 ], [ 17.888122111252688, 59.375509523627677 ], [ 17.888166465445831, 59.375550533808401 ], [ 17.888331668120834, 59.375719531810489 ], [ 17.888523086107504, 59.375937621438972 ], [ 17.889015844367623, 59.375874010691881 ], [ 17.88918086616787, 59.376109408163906 ], [ 17.889322974605765, 59.376354317899732 ], [ 17.890166862150743, 59.376634484965145 ], [ 17.890602827377151, 59.37646603558116 ], [ 17.89088950561975, 59.376348667183414 ], [ 17.891410171024749, 59.376095835259726 ], [ 17.891613401167735, 59.375994587491775 ], [ 17.891334360163455, 59.375845070629424 ], [ 17.891655083173351, 59.375652438354585 ], [ 17.891644050883695, 59.375388687085028 ], [ 17.892088821927931, 59.375325774594742 ], [ 17.892087589319406, 59.375267962868961 ], [ 17.892095090950942, 59.375211867768598 ], [ 17.892109184513608, 59.375156687711076 ], [ 17.892129906715322, 59.375102153608033 ], [ 17.892157014766575, 59.375047492824443 ], [ 17.892190009056517, 59.374994150345898 ], [ 17.8922904131609, 59.374867186062644 ], [ 17.892429497455449, 59.374697371319044 ], [ 17.892486371570651, 59.374641895964267 ], [ 17.892549459918019, 59.374599947512976 ], [ 17.892612852055962, 59.374567909919698 ], [ 17.892649052284707, 59.37454984111978 ], [ 17.89265135664952, 59.374549825960287 ], [ 17.892754564270618, 59.374515971883177 ], [ 17.892867611489688, 59.374491645604223 ], [ 17.892987170274377, 59.37447758798492 ], [ 17.893610891886734, 59.374432663752494 ], [ 17.893669346416509, 59.374421247733565 ], [ 17.893976132740736, 59.374382049716239 ], [ 17.894026321750058, 59.374480408916256 ], [ 17.894049660005955, 59.374517988405465 ], [ 17.894066830215348, 59.374543297518166 ], [ 17.894144048233237, 59.374632274430461 ], [ 17.894179163891657, 59.374667947497556 ], [ 17.894248892986845, 59.374726654048523 ], [ 17.894319833606264, 59.374778512981912 ], [ 17.894424736167768, 59.374849947929945 ], [ 17.894789595705937, 59.375071919628276 ], [ 17.894854310266901, 59.375105430497676 ], [ 17.894910023775459, 59.375078750072689 ], [ 17.895206397530437, 59.374936662369542 ], [ 17.895567557005592, 59.374764349880394 ], [ 17.895647339603986, 59.374725185788833 ], [ 17.896250686828637, 59.374428183083758 ], [ 17.897332147007457, 59.373901159479971 ], [ 17.897689367003998, 59.373727821856818 ], [ 17.897802223842728, 59.373742872133519 ], [ 17.897847121924471, 59.373699641626189 ], [ 17.897884123328279, 59.37367496562586 ], [ 17.89795412054324, 59.373628274249107 ], [ 17.898109641933814, 59.373524542785574 ], [ 17.898687381503141, 59.373244175881304 ], [ 17.898686705679367, 59.373234453224114 ], [ 17.898844310802591, 59.373154565717627 ], [ 17.898844295041705, 59.373120094890133 ], [ 17.899244427843104, 59.372929337031138 ], [ 17.899265361493757, 59.372906130883131 ], [ 17.899268479086075, 59.372867247451708 ], [ 17.899258628187503, 59.372818060696794 ], [ 17.899228845259355, 59.372666639795959 ], [ 17.89914415678993, 59.372654381251607 ], [ 17.899090783781109, 59.372644521979495 ], [ 17.898981200582561, 59.372614494487273 ], [ 17.898317977653544, 59.372409904337637 ], [ 17.8980722593185, 59.37233410606126 ], [ 17.897333877524954, 59.372106078315618 ], [ 17.897106639245614, 59.372028326264392 ], [ 17.896926468654332, 59.371962140750327 ], [ 17.896752157125952, 59.371891886516813 ], [ 17.896579950294171, 59.371819318846725 ], [ 17.896337676913145, 59.371685352022261 ], [ 17.895816866516512, 59.371369093894252 ], [ 17.895329062083317, 59.37106765116247 ], [ 17.89465264559426, 59.370651981299105 ], [ 17.894299498619684, 59.370428308947808 ], [ 17.893806704521054, 59.370094448040589 ], [ 17.893819088188174, 59.37003493868297 ], [ 17.89408524338241, 59.369924241992926 ], [ 17.894589477874675, 59.369714140223415 ], [ 17.894776055332375, 59.369608458614877 ], [ 17.895006593353969, 59.36947455485344 ], [ 17.89503257245579, 59.369451732691317 ], [ 17.895349081924838, 59.369264300389545 ], [ 17.895406690319479, 59.369224946818214 ], [ 17.895458267075718, 59.369177955271098 ], [ 17.895490962343636, 59.36913681062348 ], [ 17.895516282653912, 59.369089417949844 ], [ 17.895526097582977, 59.369059286334995 ], [ 17.89552620520162, 59.368935541127023 ], [ 17.895501841157781, 59.368839620490292 ], [ 17.895492098407026, 59.368817067368923 ], [ 17.895469516270786, 59.368776051140408 ], [ 17.895431702348674, 59.368716603901213 ], [ 17.89541313287582, 59.368689928489715 ], [ 17.895328791629858, 59.368587720570844 ], [ 17.895207813234034, 59.368434154641712 ], [ 17.895028351899423, 59.368207704402387 ], [ 17.894868089287154, 59.368005479670551 ], [ 17.894838296064556, 59.367951798786521 ], [ 17.894832562718001, 59.367897878858201 ], [ 17.894830494595592, 59.367878415314962 ], [ 17.894834974979787, 59.367864893511722 ], [ 17.894599989232571, 59.367849274441504 ], [ 17.894009279449293, 59.367844578671757 ], [ 17.89393893239172, 59.36780894285706 ], [ 17.893938509057943, 59.367573040503913 ], [ 17.893918452798516, 59.367467272274872 ], [ 17.893857048834256, 59.367365580767988 ], [ 17.893661899604378, 59.367132106679179 ], [ 17.893402242291977, 59.366821200112632 ], [ 17.893095471232577, 59.366458079734635 ], [ 17.892697963351328, 59.36584304388537 ], [ 17.894147379733237, 59.365828906314974 ], [ 17.895255632889775, 59.365609750759752 ], [ 17.895246038978261, 59.365398997939089 ], [ 17.895254714474135, 59.365340087214591 ], [ 17.897091372623194, 59.36506296998067 ], [ 17.897829631911364, 59.364949308931337 ], [ 17.89795596696176, 59.364937508319862 ], [ 17.898216258945194, 59.364926941155744 ], [ 17.898343487528123, 59.364930464110635 ], [ 17.898659811290578, 59.36495546702308 ], [ 17.898756393837317, 59.364965379062077 ], [ 17.89918204278332, 59.365105342129091 ], [ 17.899074975786036, 59.365029601994941 ], [ 17.898826776163045, 59.364823870562482 ], [ 17.89873586443461, 59.364768059849524 ], [ 17.898666411465996, 59.364700139228674 ], [ 17.898550694995166, 59.364587647227616 ], [ 17.898503179965754, 59.364525238124813 ], [ 17.898461202940524, 59.364385898419378 ], [ 17.898473183215213, 59.364259784746395 ], [ 17.898490060931746, 59.364168595469572 ], [ 17.898532195437376, 59.364039457888019 ], [ 17.898704650548609, 59.363681526426745 ], [ 17.898727596742479, 59.363611852250941 ], [ 17.898722954252388, 59.363563983953647 ], [ 17.898691005267047, 59.363512069633884 ], [ 17.898651491725186, 59.363482919267142 ], [ 17.898552665787129, 59.363420797132036 ], [ 17.898622161759953, 59.363398109328422 ], [ 17.898840730544141, 59.363288290451649 ], [ 17.899021973837087, 59.363213855546022 ], [ 17.899297517269297, 59.363110443204114 ], [ 17.899714516126611, 59.362956584853748 ], [ 17.899789318712553, 59.362934306786023 ], [ 17.900053275675383, 59.362848203309575 ], [ 17.900028667925369, 59.36282014869623 ], [ 17.899767398836705, 59.362536509424558 ], [ 17.899626702327495, 59.362462065752332 ], [ 17.899131606019413, 59.361907618844803 ], [ 17.898613665244149, 59.361777242238745 ], [ 17.898572937018784, 59.361808081763101 ], [ 17.897110496830713, 59.361050378336813 ], [ 17.897017254814266, 59.36069686821282 ], [ 17.897018880012908, 59.360676726457605 ], [ 17.897493453539859, 59.360330706265501 ], [ 17.897663390215342, 59.360320527609844 ], [ 17.897752456685602, 59.360285312758208 ], [ 17.897814968350705, 59.360258467794253 ], [ 17.897648741618809, 59.359672290754105 ], [ 17.894655283193121, 59.359894881101425 ], [ 17.893789697343845, 59.35995922484031 ], [ 17.893610392804952, 59.359616017653181 ], [ 17.893425164743093, 59.359378530665872 ], [ 17.893198221679107, 59.359150686078308 ], [ 17.892931313539673, 59.358934370816115 ], [ 17.892626012695814, 59.358731741112003 ], [ 17.892417661139604, 59.358627178118795 ], [ 17.891086380604289, 59.357828799394653 ], [ 17.890899283176083, 59.35771608311881 ], [ 17.890191067435321, 59.357289009919462 ], [ 17.889921040030341, 59.3571094531707 ], [ 17.889604905728575, 59.356875365859928 ], [ 17.889034603030098, 59.356446739516663 ], [ 17.888542824497968, 59.356086488899805 ], [ 17.88807439508232, 59.355735019007291 ], [ 17.887964758022111, 59.355605558276579 ], [ 17.887981731392486, 59.35549497778058 ], [ 17.887981918263055, 59.355422454909281 ], [ 17.887963998214204, 59.35537429845688 ], [ 17.887832855633398, 59.355253095258 ], [ 17.887799884310898, 59.355223034355795 ], [ 17.887765165616972, 59.355176821929597 ], [ 17.887783054701913, 59.355122212664881 ], [ 17.88788632503945, 59.354794892926627 ], [ 17.888029899012931, 59.354391376704001 ], [ 17.888114579794927, 59.354156160943283 ], [ 17.888160570761755, 59.353997421850082 ], [ 17.888171097536045, 59.353952372269845 ], [ 17.888175065853101, 59.353854782232546 ], [ 17.888164346066858, 59.353762460515412 ], [ 17.888133611725497, 59.353629717552408 ], [ 17.88810872429686, 59.35355826640729 ], [ 17.888080255000016, 59.353482438977615 ], [ 17.888053296103962, 59.353428013877476 ], [ 17.887982004247736, 59.353313261813256 ], [ 17.887864821174169, 59.353161744237404 ], [ 17.887803861704025, 59.353097302063667 ], [ 17.887701704182732, 59.352999682177227 ], [ 17.887627344188516, 59.352936335639804 ], [ 17.887540659138171, 59.352873466757515 ], [ 17.887503958013976, 59.352848399898519 ], [ 17.88741980550337, 59.352793279002235 ], [ 17.887333365894712, 59.352745533918927 ], [ 17.88705082551207, 59.352609637565529 ], [ 17.886801057071654, 59.352493963906788 ], [ 17.886467382755633, 59.352337755932368 ], [ 17.886199885707455, 59.352207407387809 ], [ 17.885728991813522, 59.35194593233399 ], [ 17.885344843600901, 59.352096778519865 ], [ 17.88528323728541, 59.352092252755348 ], [ 17.885161800248049, 59.352083221463502 ], [ 17.885079991636616, 59.352083112059596 ], [ 17.884980807624267, 59.35208805141486 ], [ 17.884889047963597, 59.352091725806211 ], [ 17.884859286466707, 59.352095483159573 ], [ 17.884732780091923, 59.352029334090147 ], [ 17.884521584346864, 59.351938815920164 ], [ 17.884323989932021, 59.351900776280935 ], [ 17.884243899189627, 59.351860587120306 ], [ 17.884298031455749, 59.35172503792122 ], [ 17.884352238563501, 59.351609121067085 ], [ 17.884384941312494, 59.351569873336594 ], [ 17.884324454608997, 59.351539190107644 ], [ 17.884072137192657, 59.351361433774208 ], [ 17.883739612659795, 59.351112121961265 ], [ 17.88367977673748, 59.351157077415976 ], [ 17.882527476451322, 59.351566683848858 ], [ 17.882056194408037, 59.351369684637454 ], [ 17.881660247213233, 59.351270298548357 ], [ 17.881286986016192, 59.351179622486903 ], [ 17.881116856280524, 59.351150729100496 ], [ 17.881059890178079, 59.351143048507673 ], [ 17.880963194030763, 59.351142917017015 ], [ 17.880896257115921, 59.351142826011227 ], [ 17.88079457569642, 59.351151556453736 ], [ 17.880690424198697, 59.351155211715678 ], [ 17.880578837349706, 59.351158856764812 ], [ 17.880432590981734, 59.351154860235418 ], [ 17.880316090935395, 59.351153435523187 ], [ 17.880282242301323, 59.351155498780038 ], [ 17.879791077566761, 59.351151784174974 ], [ 17.87921440977286, 59.351152106472398 ], [ 17.879061607120914, 59.351154786918791 ], [ 17.878953135860311, 59.351164296605532 ], [ 17.8787654334017, 59.351191919561295 ], [ 17.878088392287992, 59.351336540979425 ], [ 17.877814790267397, 59.351396314605758 ], [ 17.877624675134616, 59.351437702737073 ], [ 17.877462264908797, 59.351478680094587 ], [ 17.877380888360317, 59.351499994336244 ], [ 17.877289843402917, 59.351521375910785 ], [ 17.877223330802767, 59.351534039310927 ], [ 17.877129289383056, 59.351550228056311 ], [ 17.877038676336785, 59.351559662221803 ], [ 17.876966301173965, 59.351564022915845 ], [ 17.876881804593207, 59.351566903559664 ], [ 17.876752816265444, 59.351573357695038 ], [ 17.876669547971879, 59.351579983132169 ], [ 17.876580176332652, 59.351590612576068 ], [ 17.876542637587363, 59.351595658953826 ], [ 17.875844070868769, 59.351768550853535 ], [ 17.875644775052383, 59.351816592824036 ], [ 17.875580415753156, 59.351827409252806 ], [ 17.875452098783938, 59.351839563136487 ], [ 17.875388331297135, 59.351841538379567 ], [ 17.875286380261173, 59.351837508379809 ], [ 17.875174149766774, 59.351822880592884 ], [ 17.874978111414496, 59.351790675346884 ], [ 17.874732587059356, 59.351735931655931 ], [ 17.87462736692455, 59.351704553739438 ], [ 17.874473057737791, 59.35163170627532 ], [ 17.874432000546776, 59.351587178129648 ], [ 17.874315246943482, 59.351416960292447 ], [ 17.874299056445743, 59.351393813670818 ], [ 17.874281341944723, 59.351353070683317 ], [ 17.874260779394437, 59.351239460561921 ], [ 17.874248117008399, 59.351170897211198 ], [ 17.874217269555768, 59.351074166498726 ], [ 17.87416578596708, 59.350993797938415 ], [ 17.874075212761976, 59.350915833606322 ], [ 17.873999504775504, 59.35088218090911 ], [ 17.873901850473725, 59.350850103882451 ], [ 17.873732534956726, 59.350810268264503 ], [ 17.873487007390541, 59.35077881615652 ], [ 17.87325297354414, 59.350757846650758 ], [ 17.873061109188946, 59.3507437499389 ], [ 17.872745995198471, 59.350721138115574 ], [ 17.872552289031077, 59.350693267982017 ], [ 17.872384058260252, 59.350654805535981 ], [ 17.872173220099434, 59.350596228236085 ], [ 17.872085609173006, 59.350573347305783 ], [ 17.871855485497598, 59.350515334320292 ], [ 17.871777348235703, 59.350492718143713 ], [ 17.871663236484913, 59.350455463249332 ], [ 17.871537782616823, 59.350402707371437 ], [ 17.871484235712199, 59.35037067385479 ], [ 17.871427552764501, 59.350320395294119 ], [ 17.871181337116564, 59.350036138361496 ], [ 17.870915604405688, 59.349789509757755 ], [ 17.870674384132734, 59.349613454261139 ], [ 17.870474163510966, 59.349468866488621 ], [ 17.869920631660591, 59.349117036441527 ], [ 17.869788489638477, 59.349051055617622 ], [ 17.869193323757326, 59.348681155094852 ], [ 17.868824018098866, 59.348456570994102 ], [ 17.868741249443222, 59.34840457462483 ], [ 17.868639329343601, 59.348328681568802 ], [ 17.868646595127579, 59.348272848634835 ], [ 17.868641220859892, 59.348255973713982 ], [ 17.868578828822947, 59.348219303101637 ], [ 17.868196399135801, 59.348014527406598 ], [ 17.867758235120345, 59.347779552061795 ], [ 17.867727524817273, 59.347764273744218 ], [ 17.86760786027272, 59.347700903053756 ], [ 17.867459389508337, 59.347630901151511 ], [ 17.867638157351458, 59.347552464836134 ], [ 17.867829198294825, 59.347399863273154 ], [ 17.868280724812486, 59.347170343878865 ], [ 17.868902417736017, 59.347139786426183 ], [ 17.86897696764251, 59.34715116950936 ], [ 17.868998184631668, 59.347147591664672 ], [ 17.86902656861422, 59.34712237273164 ], [ 17.869026806213956, 59.347079060784175 ], [ 17.869027073618284, 59.347030335987547 ], [ 17.869066360695424, 59.346952799011781 ], [ 17.869063312953475, 59.346864374644774 ], [ 17.869102364365634, 59.346826541021734 ], [ 17.869141403514387, 59.346794111276928 ], [ 17.869201760494889, 59.346736452227582 ], [ 17.869232497265727, 59.346689136070822 ], [ 17.869280507775546, 59.346629654744348 ], [ 17.869316085170428, 59.346580981223127 ], [ 17.869344535434678, 59.346546740730503 ], [ 17.869337716972446, 59.34650161418439 ], [ 17.869338033307464, 59.346443876943255 ], [ 17.869384285731336, 59.346384393007149 ], [ 17.869405840360063, 59.346315851726089 ], [ 17.869430915583653, 59.346252728461124 ], [ 17.869434675590419, 59.3462112259432 ], [ 17.869487975416423, 59.346151761142899 ], [ 17.869498820650623, 59.346106660358728 ], [ 17.869470981085911, 59.34603263448188 ], [ 17.869442985992151, 59.345983868727004 ], [ 17.869404323450119, 59.345947726554492 ], [ 17.869404689097951, 59.345880958825134 ], [ 17.869433247238433, 59.34582686212579 ], [ 17.868303799753974, 59.34568085686913 ], [ 17.864854638494311, 59.341985603250357 ], [ 17.864018704234805, 59.342403851931806 ], [ 17.863398111252611, 59.342714346021317 ], [ 17.862341997609221, 59.343242722665437 ], [ 17.850820015716504, 59.348307435280695 ], [ 17.839662680804217, 59.352432440016216 ], [ 17.839395136038931, 59.352531323752054 ], [ 17.82985880491092, 59.350891602450154 ], [ 17.829657489110293, 59.351028335972821 ], [ 17.827568764514997, 59.352446717314763 ], [ 17.82702360598449, 59.352816890755101 ], [ 17.826927600600182, 59.352882079239187 ], [ 17.826632858163066, 59.353026340542691 ], [ 17.826416545497842, 59.353148974182098 ], [ 17.826237176292551, 59.353288603217138 ], [ 17.825893246211386, 59.353540491325234 ], [ 17.825796162203911, 59.353623994699326 ], [ 17.825451301635322, 59.353866912607906 ], [ 17.825370858501014, 59.353940975539444 ], [ 17.825327343030057, 59.354032025523722 ], [ 17.825249635107205, 59.354132986596333 ] ] ] } },
{ "type": "Feature", "properties": { "omrade_namn": "Järva", "omrade": "Järva", "folkmangd": 95220, "areal_land_ha": 2464, "areal_vatten_ha": 1, "tathet_inv_per_ha_land": 38.64, "areal_totalt_ha": 2465, "kalla": "Stockholms statistiska årsbok tabell 2.4, 2024-12-31" }, "geometry": { "type": "Polygon", "coordinates": [ [ [ 17.872140268486397, 59.395594747783854 ], [ 17.872822371595738, 59.395966427743929 ], [ 17.877489889347679, 59.39851129652606 ], [ 17.876504583176995, 59.398971953263782 ], [ 17.875587969313084, 59.399355310552899 ], [ 17.874154582394393, 59.400286010617407 ], [ 17.873856014670821, 59.400429051947633 ], [ 17.872839683050469, 59.400915945937342 ], [ 17.872240232666297, 59.401421594381645 ], [ 17.871912292359873, 59.402038172317553 ], [ 17.872145015100706, 59.402153248013605 ], [ 17.87249689777531, 59.402327255362636 ], [ 17.872584157049129, 59.402370403779088 ], [ 17.872663678669735, 59.40240972241655 ], [ 17.873238591180488, 59.402694006386056 ], [ 17.874121431280408, 59.403130535490519 ], [ 17.874252407558359, 59.403195292972143 ], [ 17.874839050063787, 59.40348535657656 ], [ 17.875950872582838, 59.403335625207561 ], [ 17.8770951551355, 59.403393531115469 ], [ 17.880005644707047, 59.403951137560966 ], [ 17.883651844437328, 59.404649574823381 ], [ 17.885191506447537, 59.405102167130011 ], [ 17.885632765159336, 59.405266131908967 ], [ 17.888001726464257, 59.406144650908949 ], [ 17.888020385721248, 59.406153285783269 ], [ 17.888021857814717, 59.406153832731924 ], [ 17.88887327417843, 59.406547966225929 ], [ 17.891266547309836, 59.408063354338289 ], [ 17.892061179653084, 59.408725045272881 ], [ 17.893164581853622, 59.409658406032285 ], [ 17.893555409512697, 59.409928835313735 ], [ 17.894076016070482, 59.410289068337427 ], [ 17.894490237868574, 59.410575677152472 ], [ 17.894940379690119, 59.410887131437605 ], [ 17.89521125793512, 59.411074551465006 ], [ 17.896014159530754, 59.411566096175704 ], [ 17.896155050426369, 59.411849591095532 ], [ 17.896336762720214, 59.412221448336901 ], [ 17.896927111259135, 59.413428285445008 ], [ 17.896985057525974, 59.414315527531976 ], [ 17.897374044930277, 59.414806223909615 ], [ 17.898397042747785, 59.415449218841104 ], [ 17.898899459411439, 59.415720208186059 ], [ 17.898531471157945, 59.416260789347163 ], [ 17.898146886466556, 59.416471813358015 ], [ 17.896730360288213, 59.417985263331218 ], [ 17.896676657000281, 59.418070655747016 ], [ 17.895243811857945, 59.420348952797362 ], [ 17.895094021168962, 59.420888247743335 ], [ 17.894855273086936, 59.421659022813408 ], [ 17.894537020571857, 59.422686422971488 ], [ 17.89328054470403, 59.423901155560714 ], [ 17.891911319916971, 59.423672261144716 ], [ 17.891920838778795, 59.424574614086374 ], [ 17.891335135365818, 59.425245169050129 ], [ 17.891185231859833, 59.425416772814494 ], [ 17.89383837003049, 59.426623550710239 ], [ 17.893117058025453, 59.427042692868142 ], [ 17.892036588951381, 59.427670503076165 ], [ 17.890403844196104, 59.428619156826741 ], [ 17.890586381084088, 59.429126558862833 ], [ 17.888449229398596, 59.430196535795417 ], [ 17.889182223657965, 59.431633707994422 ], [ 17.890226064176769, 59.432424962302655 ], [ 17.890937795679307, 59.432964455055696 ], [ 17.891128883747346, 59.433524238238029 ], [ 17.891366988104366, 59.434221728268291 ], [ 17.891667438244507, 59.435101818490708 ], [ 17.892658627714159, 59.436018676309189 ], [ 17.893649830112725, 59.436935516405349 ], [ 17.895338508063375, 59.437969855361253 ], [ 17.896742436395773, 59.438829715448222 ], [ 17.898026127672932, 59.439615884509671 ], [ 17.898745786327922, 59.440056602106999 ], [ 17.901141721015311, 59.440283880183806 ], [ 17.902376146137524, 59.440139956160991 ], [ 17.902838417993465, 59.440086057280624 ], [ 17.90327197576266, 59.439757505209634 ], [ 17.904118882750886, 59.438726059908959 ], [ 17.904395956084606, 59.437617934108808 ], [ 17.906390681236669, 59.437387584853973 ], [ 17.907337852508437, 59.437962088996713 ], [ 17.907981594688913, 59.437826581619383 ], [ 17.908026271747367, 59.437817174955647 ], [ 17.910568251112004, 59.437282048911825 ], [ 17.912092070700897, 59.436686707854903 ], [ 17.912405126815468, 59.436042108290572 ], [ 17.912527956859119, 59.43578920607294 ], [ 17.913258746820915, 59.43576505266158 ], [ 17.916230661128147, 59.435370313792255 ], [ 17.917572825251213, 59.434541598632016 ], [ 17.919079545695702, 59.434128264100686 ], [ 17.919319731133406, 59.434062370903497 ], [ 17.919802101057353, 59.433930037695795 ], [ 17.919322800762622, 59.433301766192585 ], [ 17.918989321153042, 59.432864618219035 ], [ 17.918446458040922, 59.432152974635976 ], [ 17.917902534691482, 59.431299136961925 ], [ 17.917496553233015, 59.430661804740915 ], [ 17.91735863856902, 59.43044528802973 ], [ 17.916814769803974, 59.429591445702847 ], [ 17.916352190189766, 59.428865220085498 ], [ 17.916270913060359, 59.428737612126056 ], [ 17.915727074124895, 59.427883797536296 ], [ 17.915088279442916, 59.42687466444189 ], [ 17.919357678937047, 59.424730459366756 ], [ 17.919955943617197, 59.424420527361285 ], [ 17.919885247926917, 59.423578676491736 ], [ 17.922236342681479, 59.421675753816686 ], [ 17.922714067058529, 59.42141179720835 ], [ 17.924572472233056, 59.420384982177126 ], [ 17.924166094185114, 59.420291840691043 ], [ 17.926322090999101, 59.419418093526637 ], [ 17.928562553215816, 59.418179759079408 ], [ 17.929606918286979, 59.418856414201102 ], [ 17.929685247516673, 59.418907163965542 ], [ 17.930655422069535, 59.418510989734919 ], [ 17.931640249383488, 59.418108816524359 ], [ 17.934924817444386, 59.41676742754116 ], [ 17.936026249893715, 59.416317663244122 ], [ 17.936299788868471, 59.41620596424665 ], [ 17.940411968885424, 59.414526529938193 ], [ 17.940709631388248, 59.414404950391379 ], [ 17.941943386031479, 59.413965925400255 ], [ 17.945116409053565, 59.412836681034619 ], [ 17.94544221851476, 59.412735765826213 ], [ 17.94758505236506, 59.412072018078661 ], [ 17.951221684181437, 59.410945332077318 ], [ 17.952887572404336, 59.410429117731972 ], [ 17.953225639606089, 59.410288813227019 ], [ 17.955960701101713, 59.409153646620297 ], [ 17.958867322102485, 59.407947129178794 ], [ 17.959553562079915, 59.407662257967829 ], [ 17.960278091064925, 59.407361503269271 ], [ 17.96372377169623, 59.405931090523254 ], [ 17.964701721966883, 59.40552507184173 ], [ 17.968911146063714, 59.403777245686115 ], [ 17.970148122324712, 59.403208532913737 ], [ 17.971988917488453, 59.402350539763091 ], [ 17.972532022069483, 59.401984308625238 ], [ 17.975539686355013, 59.399948199455388 ], [ 17.976151429839728, 59.399527147670156 ], [ 17.975790409018067, 59.399689941189358 ], [ 17.973555830864949, 59.400697499522643 ], [ 17.972676616085298, 59.400449523112407 ], [ 17.971431818333489, 59.401272795798647 ], [ 17.970777160581179, 59.401435199994047 ], [ 17.969836330227306, 59.401497603332544 ], [ 17.969099570982142, 59.401502232542192 ], [ 17.968794684571865, 59.401479254693044 ], [ 17.968185692217979, 59.401129715544748 ], [ 17.966514101777431, 59.399751062232362 ], [ 17.965300071650393, 59.39932654920154 ], [ 17.964647804255041, 59.399246608866029 ], [ 17.963962096399296, 59.399213600138026 ], [ 17.962994591909268, 59.398970530224283 ], [ 17.960827358137394, 59.399315217133115 ], [ 17.959804317317641, 59.399336061215983 ], [ 17.959261268040056, 59.399200859569518 ], [ 17.95873789995705, 59.399063194153349 ], [ 17.958020054860938, 59.398872429729451 ], [ 17.957501294405873, 59.39873401685562 ], [ 17.957029481847943, 59.3986086460514 ], [ 17.956776824322127, 59.398541356104879 ], [ 17.956770201448933, 59.398539617508632 ], [ 17.956431893333701, 59.398450032212033 ], [ 17.956180622000456, 59.398381861616798 ], [ 17.955356669163546, 59.398123861607523 ], [ 17.954876284137864, 59.397934776357168 ], [ 17.954444789849063, 59.397702669195311 ], [ 17.953364709431977, 59.397107807262273 ], [ 17.953370595857873, 59.397076791958277 ], [ 17.95323638994325, 59.39673342592733 ], [ 17.953106854323764, 59.396642610851451 ], [ 17.952893760584853, 59.396547105814591 ], [ 17.952506543683032, 59.396390752795533 ], [ 17.952249872109348, 59.396195056648033 ], [ 17.951709633268269, 59.395757434645226 ], [ 17.951264386468541, 59.395366508442358 ], [ 17.950711023929561, 59.394844059237982 ], [ 17.950012364637427, 59.394055746939159 ], [ 17.949312431309153, 59.39291884375767 ], [ 17.949083342331623, 59.392607913030531 ], [ 17.949052929778276, 59.392552522891606 ], [ 17.949039922779022, 59.392534161563084 ], [ 17.94838637855711, 59.391338491248547 ], [ 17.947831366875224, 59.390657385666906 ], [ 17.947445382244737, 59.390260151991804 ], [ 17.9469575626382, 59.389859302266125 ], [ 17.946540970768002, 59.389594648160845 ], [ 17.946193137268668, 59.389406445389206 ], [ 17.945931387652799, 59.389287421978921 ], [ 17.945737681607291, 59.389207174010835 ], [ 17.945399867266001, 59.389082485176409 ], [ 17.945121428144652, 59.388992227239711 ], [ 17.944566612544136, 59.388824436265516 ], [ 17.943122396228919, 59.388422951812132 ], [ 17.942690192857242, 59.388293383654194 ], [ 17.9422476197525, 59.388151083661143 ], [ 17.941794495939121, 59.387982126594252 ], [ 17.941323728659381, 59.387780162303166 ], [ 17.94090683118641, 59.387571137339897 ], [ 17.940525782316101, 59.387330684434808 ], [ 17.940220081148631, 59.387086050467452 ], [ 17.940048614458266, 59.3869177015318 ], [ 17.940023459866211, 59.386887281667214 ], [ 17.940015172861386, 59.386878904093166 ], [ 17.939779801853113, 59.386592618921021 ], [ 17.939361868894409, 59.385994450132181 ], [ 17.939088179229532, 59.385605942354218 ], [ 17.938678923375061, 59.385267748276796 ], [ 17.937943543929805, 59.384668079482516 ], [ 17.937337202498608, 59.38426218823308 ], [ 17.937085936971005, 59.384083419269594 ], [ 17.93698217728371, 59.384004397967189 ], [ 17.936833047440526, 59.38387200486607 ], [ 17.936732790038551, 59.383774022483834 ], [ 17.936650375906833, 59.383680421254795 ], [ 17.936569206961984, 59.383580768727832 ], [ 17.936555853008461, 59.38353641097644 ], [ 17.936361222913952, 59.383075551164715 ], [ 17.936312369143366, 59.382712878972093 ], [ 17.93642599300933, 59.382482237968858 ], [ 17.936440290527315, 59.382338245777021 ], [ 17.936318034700463, 59.382033545374298 ], [ 17.935825232114933, 59.381849210072332 ], [ 17.935241334161862, 59.381089093810935 ], [ 17.934644239085056, 59.380554435083241 ], [ 17.934326816194059, 59.380363186281301 ], [ 17.934109954600139, 59.380232516330395 ], [ 17.933982433604363, 59.380155680755259 ], [ 17.933273618875987, 59.379866393622194 ], [ 17.931291540825086, 59.37922396727155 ], [ 17.930959939337907, 59.379031448382797 ], [ 17.930803422244164, 59.37896968648581 ], [ 17.930429961856635, 59.378822304867214 ], [ 17.929984257442907, 59.378566833298557 ], [ 17.929496075384552, 59.378333580553942 ], [ 17.929250937970004, 59.378214574010066 ], [ 17.929155164948916, 59.378140961891091 ], [ 17.928749330865752, 59.377713136769501 ], [ 17.928641285354701, 59.377599219850389 ], [ 17.928013693768907, 59.377037494662709 ], [ 17.927915769540977, 59.376865033279458 ], [ 17.927830993424841, 59.376525578235807 ], [ 17.927876137190658, 59.376229352286295 ], [ 17.927938254078217, 59.376090255633692 ], [ 17.928123526362427, 59.37594678956934 ], [ 17.928704895922131, 59.375727394760148 ], [ 17.928978298121852, 59.375534645327107 ], [ 17.9288473310373, 59.375287626008053 ], [ 17.928531145602033, 59.375175087360816 ], [ 17.928224450746523, 59.374883009267137 ], [ 17.928251505684479, 59.374712455881692 ], [ 17.927670156148082, 59.374631170768367 ], [ 17.927751392808169, 59.374442633661062 ], [ 17.92810392189342, 59.374456622726292 ], [ 17.928983035609772, 59.373888733793976 ], [ 17.93017373158062, 59.37327380487838 ], [ 17.930684421248529, 59.373197323040586 ], [ 17.931495308389554, 59.372817833821102 ], [ 17.933256173945342, 59.372460060649914 ], [ 17.935215916565856, 59.372300411437529 ], [ 17.936651250963585, 59.372035973819791 ], [ 17.938516573318779, 59.371692293769662 ], [ 17.940741996084281, 59.370904798478797 ], [ 17.941299427335039, 59.370707526923745 ], [ 17.942091628674444, 59.370427167044241 ], [ 17.942197278791159, 59.370390227048894 ], [ 17.943007742465845, 59.369961898683712 ], [ 17.944162691193458, 59.369050061665924 ], [ 17.944692229824756, 59.368467051292946 ], [ 17.94477850720903, 59.368064342220308 ], [ 17.944891199502763, 59.367703667109474 ], [ 17.944891537154003, 59.367702590156625 ], [ 17.944455186285008, 59.367810762756797 ], [ 17.942098377506831, 59.368394400486977 ], [ 17.936465695069725, 59.369786938946589 ], [ 17.935363437438721, 59.370059591358562 ], [ 17.9348862414863, 59.370241098414553 ], [ 17.934413119690824, 59.370357962107889 ], [ 17.933561347218664, 59.369797933619026 ], [ 17.932981742374938, 59.369393342143155 ], [ 17.932099287985096, 59.368780674659085 ], [ 17.931418078419505, 59.368308952745636 ], [ 17.931186583372977, 59.368366934667151 ], [ 17.930876955698192, 59.368413188240233 ], [ 17.93049223100876, 59.368512594741745 ], [ 17.929862851904218, 59.368698232314316 ], [ 17.9296053353738, 59.368747873756554 ], [ 17.929193013371549, 59.368817304829314 ], [ 17.928775831026456, 59.368878426847282 ], [ 17.928313019039461, 59.368946143923537 ], [ 17.928049078369231, 59.368967501215032 ], [ 17.927814435591195, 59.368998860052841 ], [ 17.927628657035651, 59.369023616676543 ], [ 17.927449353405407, 59.369061691004916 ], [ 17.926803884592211, 59.36919241797095 ], [ 17.926336012562899, 59.369300058872909 ], [ 17.925583586890035, 59.369480628314797 ], [ 17.925211715414477, 59.369209369481439 ], [ 17.923326422926305, 59.367831696847603 ], [ 17.922958193866215, 59.367568086064331 ], [ 17.922636950575864, 59.367210457427227 ], [ 17.92229586337875, 59.36663984587188 ], [ 17.922073905102444, 59.365776602505079 ], [ 17.922021473062731, 59.365558541578814 ], [ 17.921918358643037, 59.36537159479397 ], [ 17.921499548561375, 59.36509707503221 ], [ 17.920286269745262, 59.364527744227388 ], [ 17.919989600537761, 59.364078007516163 ], [ 17.920395028384167, 59.363710958325676 ], [ 17.919940385519041, 59.36341296673428 ], [ 17.918997047419129, 59.363299077474345 ], [ 17.918435827201222, 59.363267367014487 ], [ 17.917439269432204, 59.362548410467369 ], [ 17.916832665116459, 59.361485146162167 ], [ 17.916672829656626, 59.36092382587146 ], [ 17.916259501699653, 59.360967225567727 ], [ 17.916272094578265, 59.361044765061109 ], [ 17.914815546403709, 59.361188172907347 ], [ 17.914748448836804, 59.36119662663863 ], [ 17.914786379862679, 59.361383364137211 ], [ 17.914839181389226, 59.361906290041325 ], [ 17.913237365157613, 59.362131398649773 ], [ 17.911425689543318, 59.362120261065698 ], [ 17.910819924580824, 59.362115464987617 ], [ 17.91081048428746, 59.361964971078166 ], [ 17.909621559504778, 59.361950673903351 ], [ 17.909302282287332, 59.361946036551487 ], [ 17.908959991739152, 59.361988374086621 ], [ 17.908713358686288, 59.362018959797538 ], [ 17.908603489303527, 59.3620353716274 ], [ 17.908358892205076, 59.362094567363442 ], [ 17.908027873136131, 59.362180074495207 ], [ 17.907889544387892, 59.362217836049496 ], [ 17.907621051626133, 59.362272111159839 ], [ 17.907324870927312, 59.362332332944796 ], [ 17.907184584252992, 59.36236718305878 ], [ 17.907100552328046, 59.362401629924925 ], [ 17.907011232198041, 59.362462632438465 ], [ 17.906849966059678, 59.362580348213598 ], [ 17.906641081482732, 59.362776375467554 ], [ 17.906497653863742, 59.362836795450434 ], [ 17.906095970229604, 59.363056778532084 ], [ 17.904491586628765, 59.364077463372645 ], [ 17.904233335153016, 59.364252088093224 ], [ 17.903107213100981, 59.364982682237084 ], [ 17.901581451054579, 59.365967255862408 ], [ 17.901556256711629, 59.365981013523701 ], [ 17.901522256363496, 59.365990065577876 ], [ 17.901478526824516, 59.365992571038248 ], [ 17.90092689275081, 59.365964570118386 ], [ 17.900708751047581, 59.365948022151741 ], [ 17.900615947346097, 59.365934067721454 ], [ 17.900565007979097, 59.365910433591246 ], [ 17.900448923593729, 59.365869934240315 ], [ 17.899644344225386, 59.365374618766225 ], [ 17.89918204278332, 59.365105342129091 ], [ 17.898756393837317, 59.364965379062077 ], [ 17.898659811290578, 59.36495546702308 ], [ 17.898343487528123, 59.364930464110635 ], [ 17.898216258945194, 59.364926941155744 ], [ 17.89795596696176, 59.364937508319862 ], [ 17.897829631911364, 59.364949308931337 ], [ 17.897091372623194, 59.36506296998067 ], [ 17.895254714474135, 59.365340087214591 ], [ 17.895246038978261, 59.365398997939089 ], [ 17.895255632889775, 59.365609750759752 ], [ 17.894147379733237, 59.365828906314974 ], [ 17.892697963351328, 59.36584304388537 ], [ 17.893095471232577, 59.366458079734635 ], [ 17.893402242291977, 59.366821200112632 ], [ 17.893661899604378, 59.367132106679179 ], [ 17.893857048834256, 59.367365580767988 ], [ 17.893918452798516, 59.367467272274872 ], [ 17.893938509057943, 59.367573040503913 ], [ 17.89393893239172, 59.36780894285706 ], [ 17.894009279449293, 59.367844578671757 ], [ 17.894599989232571, 59.367849274441504 ], [ 17.894834974979787, 59.367864893511722 ], [ 17.894830494595592, 59.367878415314962 ], [ 17.894832562718001, 59.367897878858201 ], [ 17.894838296064556, 59.367951798786521 ], [ 17.894868089287154, 59.368005479670551 ], [ 17.895028351899423, 59.368207704402387 ], [ 17.895207813234034, 59.368434154641712 ], [ 17.895328791629858, 59.368587720570844 ], [ 17.89541313287582, 59.368689928489715 ], [ 17.895431702348674, 59.368716603901213 ], [ 17.895469516270786, 59.368776051140408 ], [ 17.895492098407026, 59.368817067368923 ], [ 17.895501841157781, 59.368839620490292 ], [ 17.89552620520162, 59.368935541127023 ], [ 17.895526097582977, 59.369059286334995 ], [ 17.895516282653912, 59.369089417949844 ], [ 17.895490962343636, 59.36913681062348 ], [ 17.895458267075718, 59.369177955271098 ], [ 17.895406690319479, 59.369224946818214 ], [ 17.895349081924838, 59.369264300389545 ], [ 17.89503257245579, 59.369451732691317 ], [ 17.895006593353969, 59.36947455485344 ], [ 17.894776055332375, 59.369608458614877 ], [ 17.894589477874675, 59.369714140223415 ], [ 17.89408524338241, 59.369924241992926 ], [ 17.893819088188174, 59.37003493868297 ], [ 17.893806704521054, 59.370094448040589 ], [ 17.894299498619684, 59.370428308947808 ], [ 17.89465264559426, 59.370651981299105 ], [ 17.895329062083317, 59.37106765116247 ], [ 17.895816866516512, 59.371369093894252 ], [ 17.896337676913145, 59.371685352022261 ], [ 17.896579950294171, 59.371819318846725 ], [ 17.896752157125952, 59.371891886516813 ], [ 17.896926468654332, 59.371962140750327 ], [ 17.897106639245614, 59.372028326264392 ], [ 17.897333877524954, 59.372106078315618 ], [ 17.8980722593185, 59.37233410606126 ], [ 17.898317977653544, 59.372409904337637 ], [ 17.898981200582561, 59.372614494487273 ], [ 17.899090783781109, 59.372644521979495 ], [ 17.89914415678993, 59.372654381251607 ], [ 17.899228845259355, 59.372666639795959 ], [ 17.899258628187503, 59.372818060696794 ], [ 17.899268479086075, 59.372867247451708 ], [ 17.899265361493757, 59.372906130883131 ], [ 17.899244427843104, 59.372929337031138 ], [ 17.898844295041705, 59.373120094890133 ], [ 17.898844310802591, 59.373154565717627 ], [ 17.898686705679367, 59.373234453224114 ], [ 17.898687381503141, 59.373244175881304 ], [ 17.898109641933814, 59.373524542785574 ], [ 17.89795412054324, 59.373628274249107 ], [ 17.897884123328279, 59.37367496562586 ], [ 17.897847121924471, 59.373699641626189 ], [ 17.897802223842728, 59.373742872133519 ], [ 17.897689367003998, 59.373727821856818 ], [ 17.897332147007457, 59.373901159479971 ], [ 17.896250686828637, 59.374428183083758 ], [ 17.895647339603986, 59.374725185788833 ], [ 17.895567557005592, 59.374764349880394 ], [ 17.895206397530437, 59.374936662369542 ], [ 17.894910023775459, 59.375078750072689 ], [ 17.894854310266901, 59.375105430497676 ], [ 17.894789595705937, 59.375071919628276 ], [ 17.894424736167768, 59.374849947929945 ], [ 17.894319833606264, 59.374778512981912 ], [ 17.894248892986845, 59.374726654048523 ], [ 17.894179163891657, 59.374667947497556 ], [ 17.894144048233237, 59.374632274430461 ], [ 17.894066830215348, 59.374543297518166 ], [ 17.894049660005955, 59.374517988405465 ], [ 17.894026321750058, 59.374480408916256 ], [ 17.893976132740736, 59.374382049716239 ], [ 17.893669346416509, 59.374421247733565 ], [ 17.893610891886734, 59.374432663752494 ], [ 17.892987170274377, 59.37447758798492 ], [ 17.892867611489688, 59.374491645604223 ], [ 17.892754564270618, 59.374515971883177 ], [ 17.89265135664952, 59.374549825960287 ], [ 17.892649052284707, 59.37454984111978 ], [ 17.892612852055962, 59.374567909919698 ], [ 17.892549459918019, 59.374599947512976 ], [ 17.892486371570651, 59.374641895964267 ], [ 17.892429497455449, 59.374697371319044 ], [ 17.8922904131609, 59.374867186062644 ], [ 17.892190009056517, 59.374994150345898 ], [ 17.892157014766575, 59.375047492824443 ], [ 17.892129906715322, 59.375102153608033 ], [ 17.892109184513608, 59.375156687711076 ], [ 17.892095090950942, 59.375211867768598 ], [ 17.892087589319406, 59.375267962868961 ], [ 17.892088821927931, 59.375325774594742 ], [ 17.891644050883695, 59.375388687085028 ], [ 17.891655083173351, 59.375652438354585 ], [ 17.891334360163455, 59.375845070629424 ], [ 17.891613401167735, 59.375994587491775 ], [ 17.891410171024749, 59.376095835259726 ], [ 17.89088950561975, 59.376348667183414 ], [ 17.890602827377151, 59.37646603558116 ], [ 17.890166862150743, 59.376634484965145 ], [ 17.889322974605765, 59.376354317899732 ], [ 17.88918086616787, 59.376109408163906 ], [ 17.889015844367623, 59.375874010691881 ], [ 17.888523086107504, 59.375937621438972 ], [ 17.888331668120834, 59.375719531810489 ], [ 17.888166465445831, 59.375550533808401 ], [ 17.888122111252688, 59.375509523627677 ], [ 17.888036369400599, 59.375439491061549 ], [ 17.887958055322333, 59.375379234882189 ], [ 17.887987161705293, 59.375291983133664 ], [ 17.887635858332061, 59.375362437475744 ], [ 17.88715851127477, 59.375437239495149 ], [ 17.88684586731944, 59.375465902184771 ], [ 17.886336028765331, 59.375512255713517 ], [ 17.885627877658738, 59.375574429759844 ], [ 17.885459372162053, 59.375585372189548 ], [ 17.885258859960018, 59.375594611057153 ], [ 17.884852752369213, 59.375602398607157 ], [ 17.884185434086849, 59.375596997547746 ], [ 17.883762367994272, 59.375594561311893 ], [ 17.883407032920381, 59.375628858437636 ], [ 17.883477949549849, 59.375792950547023 ], [ 17.883501732016079, 59.37588622420509 ], [ 17.883528477141777, 59.375988415731584 ], [ 17.883542799533654, 59.376112045065348 ], [ 17.883552726367746, 59.376186915567821 ], [ 17.883546909195953, 59.376341137457814 ], [ 17.883508535781587, 59.376621968414469 ], [ 17.88347874778513, 59.37676106801689 ], [ 17.88336134349975, 59.37699179174426 ], [ 17.88331674167561, 59.377079344743272 ], [ 17.88316327083524, 59.377299965606369 ], [ 17.882972718051651, 59.377512995772655 ], [ 17.88274089262304, 59.377712145494762 ], [ 17.882236563527258, 59.377842701433998 ], [ 17.880689243865266, 59.378237091926515 ], [ 17.880165724327728, 59.378368286396018 ], [ 17.879554139209731, 59.378550883415869 ], [ 17.879083435184516, 59.378704363716793 ], [ 17.878594563021185, 59.378866075660525 ], [ 17.878546485072551, 59.37886221194168 ], [ 17.877997878655417, 59.378589300785187 ], [ 17.877840175209535, 59.378503801904266 ], [ 17.876967054528908, 59.378029462496848 ], [ 17.876715010854333, 59.378141525033712 ], [ 17.876683240517746, 59.37816433527292 ], [ 17.876342920408248, 59.378328293796983 ], [ 17.876243603527332, 59.378372517340978 ], [ 17.876137779736183, 59.378412638279755 ], [ 17.876025858475586, 59.378448738134495 ], [ 17.875155009963706, 59.378662080730493 ], [ 17.875063258222124, 59.378682875747998 ], [ 17.874967785730636, 59.37869875517481 ], [ 17.874796578584867, 59.37871108913162 ], [ 17.874739785403818, 59.378711879586191 ], [ 17.874623704649029, 59.378712783078662 ], [ 17.874278102515913, 59.37870548807777 ], [ 17.87420104604649, 59.378712183017775 ], [ 17.874125309156639, 59.37872205741791 ], [ 17.874065894117113, 59.378722951601432 ], [ 17.874009296099075, 59.378713705619447 ], [ 17.873961965711178, 59.378695370575457 ], [ 17.873808424400497, 59.378736328342576 ], [ 17.87379614788879, 59.378768205258062 ], [ 17.873768470511397, 59.378798166133564 ], [ 17.873748188152952, 59.378810776498248 ], [ 17.873727288085366, 59.378823771983797 ], [ 17.87334659948236, 59.379008509183173 ], [ 17.872993810260308, 59.379183302996324 ], [ 17.871421832151274, 59.379245183689974 ], [ 17.871115917054691, 59.37908394129019 ], [ 17.871085432365948, 59.379035342006723 ], [ 17.870954972282313, 59.379120190158048 ], [ 17.870331305641326, 59.379260643461983 ], [ 17.870304296229701, 59.379028976990668 ], [ 17.870298127831656, 59.379005457897392 ], [ 17.870285288121039, 59.378982647332727 ], [ 17.870266020253364, 59.378961048222521 ], [ 17.870240778914116, 59.378941190901109 ], [ 17.870206276199703, 59.378922720663169 ], [ 17.87018581250102, 59.378913776999788 ], [ 17.870105306917466, 59.378882205484601 ], [ 17.869961801288234, 59.378838109561947 ], [ 17.869803338419736, 59.37880737611205 ], [ 17.869639552415048, 59.378791257776946 ], [ 17.869470968024746, 59.3787902132242 ], [ 17.868878430037121, 59.378812409403103 ], [ 17.868219535830729, 59.378833913101396 ], [ 17.867937079009284, 59.378838247040633 ], [ 17.867764794752521, 59.378791009378808 ], [ 17.867551600625678, 59.378732571145491 ], [ 17.867333629986955, 59.378678963996045 ], [ 17.867181993649137, 59.378642411489359 ], [ 17.866987620205443, 59.378613066764977 ], [ 17.866897500023981, 59.378605662489861 ], [ 17.86681208930997, 59.378605536110022 ], [ 17.866862679683106, 59.378891402689618 ], [ 17.8667013441958, 59.378893586776151 ], [ 17.866710295277997, 59.378988052976787 ], [ 17.866728896208507, 59.379055899593681 ], [ 17.866775362924681, 59.379230350219416 ], [ 17.866789050923455, 59.379327247154997 ], [ 17.866817043367714, 59.37941447946789 ], [ 17.866830967922912, 59.379541287177425 ], [ 17.866889793745617, 59.379827094156234 ], [ 17.866902317787318, 59.379937113310405 ], [ 17.866925035892805, 59.380102138864665 ], [ 17.867028110916021, 59.380428640039284 ], [ 17.867040168862268, 59.380621818667109 ], [ 17.867053409143232, 59.38081434374412 ], [ 17.867083818966307, 59.381013519065462 ], [ 17.867100887272091, 59.381132216385204 ], [ 17.867141737106735, 59.381342807630688 ], [ 17.867141375941237, 59.381407170092537 ], [ 17.867151197245175, 59.381531889019058 ], [ 17.867176780274107, 59.381653956250425 ], [ 17.867212385517277, 59.381861855620734 ], [ 17.867231353789759, 59.381993293708796 ], [ 17.867272245455425, 59.382199863350095 ], [ 17.867302946592947, 59.382347405046211 ], [ 17.867286599854172, 59.382449292090385 ], [ 17.867317394801528, 59.382578071213537 ], [ 17.867326934482186, 59.382747033979548 ], [ 17.867325893499437, 59.382929401052003 ], [ 17.867444091580378, 59.383396216094226 ], [ 17.867511445783684, 59.383567961826287 ], [ 17.867550301887007, 59.383667250108701 ], [ 17.867532109553821, 59.384099011668944 ], [ 17.867696959392685, 59.385155935230244 ], [ 17.867768559417964, 59.385510054128233 ], [ 17.867849926931694, 59.385995633249749 ], [ 17.867875511448517, 59.386119048173128 ], [ 17.867963480011667, 59.386368609359465 ], [ 17.868009959557842, 59.386516196285349 ], [ 17.868098584659972, 59.386645075714576 ], [ 17.868160922405092, 59.386776590336709 ], [ 17.868133604084065, 59.386998980780859 ], [ 17.86814072991918, 59.387410029042556 ], [ 17.868128379928446, 59.387513617970704 ], [ 17.866554865062437, 59.38751009735914 ], [ 17.866560261946713, 59.387257267255386 ], [ 17.866583637189894, 59.387234419862196 ], [ 17.866613953710161, 59.387213342638908 ], [ 17.866642980845171, 59.38719308041636 ], [ 17.8666824369244, 59.387170868188406 ], [ 17.866709213282853, 59.387147128299709 ], [ 17.866716025472225, 59.387121714810945 ], [ 17.866702658572539, 59.387095282881852 ], [ 17.866684320546607, 59.3870829468297 ], [ 17.866657461662435, 59.387071199097917 ], [ 17.866677643540964, 59.387052898356593 ], [ 17.866663076373239, 59.387049069527556 ], [ 17.866565169618298, 59.387038281019898 ], [ 17.86651535305581, 59.387044012844008 ], [ 17.866427054335755, 59.3870771562949 ], [ 17.866409396827653, 59.387100308701257 ], [ 17.866394857752212, 59.387310661769646 ], [ 17.866386519926202, 59.387403941514393 ], [ 17.866380714878215, 59.387516248520448 ], [ 17.865656395371136, 59.387512951544032 ], [ 17.865463424871663, 59.387498902246982 ], [ 17.863198894023451, 59.387471813505819 ], [ 17.860325360631325, 59.387445939564927 ], [ 17.859746432161362, 59.387440558520538 ], [ 17.857985641542655, 59.387392198481521 ], [ 17.856794126775576, 59.387345300277296 ], [ 17.85610270795155, 59.387319991005363 ], [ 17.85521743107153, 59.387265589426917 ], [ 17.85389772084535, 59.387188535436501 ], [ 17.853882459895583, 59.387253069377664 ], [ 17.853916697067859, 59.387364021694594 ], [ 17.853936880593125, 59.387443942571167 ], [ 17.853953852379199, 59.387523832022175 ], [ 17.853962080517874, 59.387603672189336 ], [ 17.853963806700261, 59.38768340624793 ], [ 17.853965489410502, 59.387761138670626 ], [ 17.853960033052967, 59.387841842323745 ], [ 17.853947676331472, 59.387921434140644 ], [ 17.853909064850708, 59.388080518729666 ], [ 17.853852398848474, 59.38823803101635 ], [ 17.85380359386609, 59.388349543846168 ], [ 17.853564562004539, 59.388503992377061 ], [ 17.853923650097684, 59.388647403854058 ], [ 17.855214326694359, 59.389177299296634 ], [ 17.857556348564035, 59.389391599212445 ], [ 17.861384472068508, 59.389744509234589 ], [ 17.862995134785717, 59.391134549297917 ], [ 17.864518648265175, 59.391651261635772 ], [ 17.86448999408249, 59.391682458331701 ], [ 17.867425336682192, 59.393398403991483 ], [ 17.867867307016688, 59.39408403933183 ], [ 17.867959423571662, 59.394226929273117 ], [ 17.868039447876154, 59.394351094205639 ], [ 17.868478423959811, 59.395032037783494 ], [ 17.868521577639079, 59.395098989511347 ], [ 17.868531541690533, 59.39511443574289 ], [ 17.869087726900837, 59.395977101908294 ], [ 17.869369699013419, 59.396414456034151 ], [ 17.869372947622963, 59.396419467476562 ], [ 17.872140268486397, 59.395594747783854 ] ] ] } },
{ "type": "Feature", "properties": { "omrade_namn": "Kungsholmen", "omrade": "Kungsholmen", "folkmangd": 70932, "areal_land_ha": 485, "areal_vatten_ha": 218, "tathet_inv_per_ha_land": 146.25, "areal_totalt_ha": 703, "kalla": "Stockholms statistiska årsbok tabell 2.4, 2024-12-31" }, "geometry": { "type": "Polygon", "coordinates": [ [ [ 17.998238412311355, 59.340746008584695 ], [ 17.999758245607648, 59.340958133233471 ], [ 18.00127037486736, 59.341164581759223 ], [ 18.0019922475031, 59.341263134124581 ], [ 18.004831135963258, 59.341801386045049 ], [ 18.00771216010132, 59.341275697007035 ], [ 18.010590964530898, 59.340986555584891 ], [ 18.012484159198134, 59.340796349574411 ], [ 18.013172020431, 59.340704130940516 ], [ 18.014751027549082, 59.340476483850736 ], [ 18.014943782652924, 59.340445621874473 ], [ 18.016137268291022, 59.340096876385161 ], [ 18.017175402772715, 59.339857286034146 ], [ 18.01780294056411, 59.339749074816709 ], [ 18.018374030387609, 59.33967344805685 ], [ 18.020826950696286, 59.339610786156847 ], [ 18.023447177005995, 59.339592306625597 ], [ 18.024772396711928, 59.339364618615498 ], [ 18.03216820118751, 59.337694959445479 ], [ 18.0335711556924, 59.337378183759064 ], [ 18.034516497024047, 59.337191208786606 ], [ 18.035755097620608, 59.33696607401999 ], [ 18.036901955121774, 59.336761153754743 ], [ 18.037791804016837, 59.336609359998661 ], [ 18.038595433278417, 59.336470168106942 ], [ 18.038861875998741, 59.336441762086622 ], [ 18.039255735194544, 59.336429084234737 ], [ 18.039623871042007, 59.33641439965465 ], [ 18.039960733574269, 59.336392662551354 ], [ 18.04032954441697, 59.336360722593085 ], [ 18.040587901198521, 59.336334520105325 ], [ 18.041052063124322, 59.33627309369043 ], [ 18.041752617363155, 59.336178949738525 ], [ 18.042436779471434, 59.336071496245275 ], [ 18.042838632352048, 59.336000109217977 ], [ 18.043414797620802, 59.335893768245612 ], [ 18.043567426627483, 59.33586545553446 ], [ 18.044520886717482, 59.335630568024584 ], [ 18.04499300140079, 59.335511486093338 ], [ 18.045469615703013, 59.335379719385145 ], [ 18.04592306987124, 59.335248694901921 ], [ 18.046487918751932, 59.335086929502495 ], [ 18.047728343366298, 59.334687123458508 ], [ 18.048577839234138, 59.334347331068464 ], [ 18.049338054869885, 59.333959569470117 ], [ 18.049780509614536, 59.333670460090282 ], [ 18.049999395278757, 59.333464722273455 ], [ 18.050083300068824, 59.33333210052141 ], [ 18.050269582961899, 59.33280313379732 ], [ 18.050723166196999, 59.331994401684206 ], [ 18.050887834025076, 59.331708081008038 ], [ 18.051084484694275, 59.331413736560336 ], [ 18.051153122309575, 59.331295564588764 ], [ 18.05131530299025, 59.330959724365677 ], [ 18.051557209599618, 59.330748655585985 ], [ 18.051898105859344, 59.330472848486558 ], [ 18.052227947715995, 59.330171728108915 ], [ 18.05278916921381, 59.329965812113407 ], [ 18.05322838423573, 59.329732436179874 ], [ 18.054660164350935, 59.329110169037378 ], [ 18.055683704684828, 59.328673921760782 ], [ 18.056120664503624, 59.328494842536735 ], [ 18.056255912963906, 59.328424521263841 ], [ 18.056366744279821, 59.328355196579054 ], [ 18.056420974813147, 59.328312890915846 ], [ 18.056485516811723, 59.328267739578877 ], [ 18.056571104338669, 59.328203728849289 ], [ 18.056676000103849, 59.328104243755845 ], [ 18.056730862409449, 59.328060672256044 ], [ 18.056857665116464, 59.327920541581101 ], [ 18.05690460388999, 59.327863727862024 ], [ 18.057141741267188, 59.32747897549379 ], [ 18.057416096169533, 59.327044024662598 ], [ 18.056908786721763, 59.324065134858166 ], [ 18.04883311029073, 59.32406322862974 ], [ 18.026557689712181, 59.324055447939031 ], [ 18.025398355515236, 59.324055209335512 ], [ 18.014121130271111, 59.323386690867117 ], [ 18.012192537978823, 59.322256081877654 ], [ 18.009928945790083, 59.320809972636489 ], [ 18.002957992184275, 59.320799949988938 ], [ 18.000053298888364, 59.319414721046897 ], [ 17.998427085703618, 59.318637016730271 ], [ 17.996426877615651, 59.317968597146155 ], [ 17.994829984398955, 59.317426738399874 ], [ 17.992847892816059, 59.317099136878561 ], [ 17.992126724950097, 59.316987201388621 ], [ 17.991792037930498, 59.316951224112067 ], [ 17.987289699381975, 59.316350504329634 ], [ 17.985180384508819, 59.315990914409049 ], [ 17.981749305844286, 59.315227822351972 ], [ 17.976893657962034, 59.316263529233744 ], [ 17.977191675461917, 59.317607111518427 ], [ 17.977480906328282, 59.318910975299296 ], [ 17.977785026466329, 59.319402774596853 ], [ 17.978000486080418, 59.319751156351053 ], [ 17.979994320103071, 59.32128084560803 ], [ 17.981263067197705, 59.322067974880625 ], [ 17.98159733996534, 59.322250737443817 ], [ 17.982961286453776, 59.322996513010104 ], [ 17.983191429296379, 59.323108748286316 ], [ 17.983318889585725, 59.323178383968298 ], [ 17.984170127388957, 59.323643049462682 ], [ 17.984365286627209, 59.323754946895235 ], [ 17.985081518180348, 59.324235908337009 ], [ 17.985547536289619, 59.32519556960608 ], [ 17.98615097002277, 59.32601886692531 ], [ 17.987171680514415, 59.327055863624949 ], [ 17.98779805158404, 59.327489934376437 ], [ 17.989108208067091, 59.328385740671671 ], [ 17.990048825982072, 59.329028890499202 ], [ 17.991047928813867, 59.329765096602671 ], [ 17.991554200539639, 59.330182368679132 ], [ 17.992820591613143, 59.331226056655943 ], [ 17.993733900602784, 59.331978829767259 ], [ 17.994483175107685, 59.332685275732686 ], [ 17.994997824881295, 59.333888815690173 ], [ 17.995019358241326, 59.334547510485642 ], [ 17.994978305082455, 59.334662256452788 ], [ 17.993840900307532, 59.335701117643282 ], [ 17.993561349524917, 59.336127509116046 ], [ 17.993621495087844, 59.336343774534491 ], [ 17.993697807874618, 59.336469108431643 ], [ 17.993824320084936, 59.336652941662351 ], [ 17.994021479742262, 59.336852072508179 ], [ 17.996511620985753, 59.338511598912902 ], [ 17.997107118317885, 59.338980008213568 ], [ 17.997122556969842, 59.339004125578136 ], [ 17.998238412311355, 59.340746008584695 ] ] ] } },
{ "type": "Feature", "properties": { "omrade_namn": "Norra innerstaden", "omrade": "Norra innerstaden", "folkmangd": 155286, "areal_land_ha": 2292, "areal_vatten_ha": 714, "tathet_inv_per_ha_land": 67.75, "areal_totalt_ha": 3006, "kalla": "Stockholms statistiska årsbok tabell 2.4, 2024-12-31" }, "geometry": { "type": "Polygon", "coordinates": [ [ [ 18.044937037795737, 59.352194651349159 ], [ 18.044809615189276, 59.353537824313733 ], [ 18.044856838333839, 59.353881424445341 ], [ 18.044860287653933, 59.353906475126344 ], [ 18.044922900698239, 59.354164355824807 ], [ 18.04492395457347, 59.354168687138014 ], [ 18.044950032805442, 59.354247189137013 ], [ 18.044989636282676, 59.354324221311607 ], [ 18.045042457161813, 59.35439916634698 ], [ 18.045121149938591, 59.354482980231516 ], [ 18.045186007866956, 59.35454041674739 ], [ 18.045275593628556, 59.354605600397875 ], [ 18.0453761438783, 59.354666498352337 ], [ 18.045486866855871, 59.354722599197643 ], [ 18.045606317019043, 59.354773225012806 ], [ 18.045606905652587, 59.354773461381328 ], [ 18.046487903160187, 59.355114250409819 ], [ 18.046871504872922, 59.355333310943131 ], [ 18.04711839475539, 59.355474290066617 ], [ 18.047438373897684, 59.355657015566564 ], [ 18.048244224220799, 59.356117180252262 ], [ 18.048288609406899, 59.356142065508635 ], [ 18.04844732624829, 59.356233154840595 ], [ 18.048449272691293, 59.356234266286116 ], [ 18.048449802690776, 59.35623459309484 ], [ 18.048525508352878, 59.356280124051551 ], [ 18.048546767418024, 59.356294383425343 ], [ 18.048570261459556, 59.356308870264215 ], [ 18.048590390822145, 59.356323643479506 ], [ 18.048600916761835, 59.356330703660738 ], [ 18.048626472979134, 59.356350124629394 ], [ 18.048678591691182, 59.356388375118541 ], [ 18.048773524690528, 59.35647223304796 ], [ 18.048791118325965, 59.356491318890519 ], [ 18.048792987102839, 59.356493343810186 ], [ 18.048854374957035, 59.35655986068253 ], [ 18.048884335148241, 59.356600937018001 ], [ 18.048886818438707, 59.356604172439923 ], [ 18.048889617639237, 59.356608179463159 ], [ 18.048920579969593, 59.356650629630742 ], [ 18.048971682836509, 59.356743902571161 ], [ 18.048993595269895, 59.356802382270509 ], [ 18.048995524862349, 59.356807299000081 ], [ 18.048995884231321, 59.356808491017716 ], [ 18.049007331784459, 59.356839042048591 ], [ 18.049011847225295, 59.356861439771905 ], [ 18.049011914890862, 59.356861664216112 ], [ 18.049024523098986, 59.356924315137341 ], [ 18.049030938698291, 59.357004479854709 ], [ 18.049026894122932, 59.357081879234798 ], [ 18.04901953391953, 59.357128810549405 ], [ 18.049003009655426, 59.357194153354499 ], [ 18.048991169124612, 59.357228974639291 ], [ 18.04897837937316, 59.357263562439925 ], [ 18.04895717419291, 59.357306241815316 ], [ 18.048946263090784, 59.35732469015857 ], [ 18.04893203151946, 59.357351777389098 ], [ 18.048906212332618, 59.357392603660372 ], [ 18.048845885872932, 59.357485710476134 ], [ 18.043577264531173, 59.365534893154724 ], [ 18.038810240800192, 59.368519842025023 ], [ 18.03713700379377, 59.369820283595985 ], [ 18.036909469138944, 59.370871369566871 ], [ 18.036390282600486, 59.371415229256094 ], [ 18.043055645203598, 59.372226782941986 ], [ 18.043503983389819, 59.372580496649462 ], [ 18.042931875035464, 59.373629729079781 ], [ 18.042987826749773, 59.374346925159571 ], [ 18.043764976975993, 59.375011251538929 ], [ 18.048561488474821, 59.375800735141482 ], [ 18.055170460778079, 59.375451910793139 ], [ 18.058741394936568, 59.375496826388613 ], [ 18.060284229424077, 59.375407381561821 ], [ 18.063706069830193, 59.375208993356551 ], [ 18.071110944700234, 59.374779326696995 ], [ 18.072940145153467, 59.373999409251546 ], [ 18.074639921768451, 59.373285858982705 ], [ 18.076662690966387, 59.3724383051728 ], [ 18.077984151309892, 59.371849377862894 ], [ 18.080891059581877, 59.371489654646147 ], [ 18.082797242754221, 59.371261367359708 ], [ 18.088425468916427, 59.370587203163595 ], [ 18.095484144797187, 59.369741471045963 ], [ 18.099677456488305, 59.367155990822226 ], [ 18.102371011542651, 59.36549734311879 ], [ 18.105300231658219, 59.363693413141348 ], [ 18.107332698156497, 59.362441199227241 ], [ 18.111202253062487, 59.360053002615956 ], [ 18.112561461808042, 59.357801154065029 ], [ 18.126171108237958, 59.347657547147982 ], [ 18.127442572439801, 59.347294104322152 ], [ 18.12777418687627, 59.347202242925299 ], [ 18.127774813198418, 59.347202065031901 ], [ 18.130898674564499, 59.346336652241426 ], [ 18.138137745477053, 59.344330674673643 ], [ 18.141807997549986, 59.342739441585863 ], [ 18.14595466957941, 59.340941351975566 ], [ 18.146029034887452, 59.340909121601364 ], [ 18.152007401290991, 59.338316708263541 ], [ 18.160556337286419, 59.334597014158973 ], [ 18.160356331224943, 59.32822555227245 ], [ 18.163892968733396, 59.325332521884036 ], [ 18.162013029217484, 59.322976511218087 ], [ 18.160316599634371, 59.320843217831396 ], [ 18.157169998555112, 59.319815991997096 ], [ 18.149246508001657, 59.318659255210967 ], [ 18.144480681348316, 59.319524283597985 ], [ 18.138572715983283, 59.320232776289977 ], [ 18.133355304571268, 59.319571572835144 ], [ 18.129430377035685, 59.319645551691337 ], [ 18.126828847786495, 59.3184476529539 ], [ 18.124370374978128, 59.318040467582705 ], [ 18.120351518452182, 59.318514579600468 ], [ 18.116484259084555, 59.317874106750629 ], [ 18.114984095918913, 59.317738335829461 ], [ 18.112488432148318, 59.317503783014729 ], [ 18.110855279658111, 59.3175240297481 ], [ 18.110240678111676, 59.317531639175037 ], [ 18.109327782384231, 59.317680111774521 ], [ 18.105236079702149, 59.317577665250376 ], [ 18.101491339282511, 59.317554353842759 ], [ 18.093692218217505, 59.318709347541812 ], [ 18.084534929538851, 59.320064811080016 ], [ 18.079280590295422, 59.324811380843641 ], [ 18.077118217505195, 59.326763633522191 ], [ 18.074474965751335, 59.329069403726045 ], [ 18.070584057352239, 59.328981335047445 ], [ 18.070208778095342, 59.328966573174853 ], [ 18.069945955776891, 59.328934187574212 ], [ 18.069418295481302, 59.32881127649015 ], [ 18.065738722017969, 59.327812158328072 ], [ 18.065531196160041, 59.327777867897268 ], [ 18.065330224944464, 59.327758495204705 ], [ 18.064007139703541, 59.327685598029625 ], [ 18.061867583580579, 59.327702450395698 ], [ 18.061624756454968, 59.327692606955182 ], [ 18.061428074205203, 59.327680902648744 ], [ 18.061232972903692, 59.327664539435126 ], [ 18.060697327666357, 59.327603255891553 ], [ 18.060306582154183, 59.3275471436422 ], [ 18.059793073107912, 59.327458172718707 ], [ 18.057416096169533, 59.327044024662598 ], [ 18.057141741267188, 59.32747897549379 ], [ 18.05690460388999, 59.327863727862024 ], [ 18.056857665116464, 59.327920541581101 ], [ 18.056730862409449, 59.328060672256044 ], [ 18.056676000103849, 59.328104243755845 ], [ 18.056571104338669, 59.328203728849289 ], [ 18.056485516811723, 59.328267739578877 ], [ 18.056420974813147, 59.328312890915846 ], [ 18.056366744279821, 59.328355196579054 ], [ 18.056255912963906, 59.328424521263841 ], [ 18.056120664503624, 59.328494842536735 ], [ 18.055683704684828, 59.328673921760782 ], [ 18.054660164350935, 59.329110169037378 ], [ 18.05322838423573, 59.329732436179874 ], [ 18.05278916921381, 59.329965812113407 ], [ 18.052227947728024, 59.330171728152969 ], [ 18.051898105902065, 59.330472848448657 ], [ 18.051557209603924, 59.330748655576187 ], [ 18.051315303052256, 59.330959724336218 ], [ 18.051153122260732, 59.331295564585368 ], [ 18.051084484651881, 59.331413736581887 ], [ 18.050887834006822, 59.331708081043764 ], [ 18.050723166196999, 59.331994401684206 ], [ 18.050269582961899, 59.33280313379732 ], [ 18.050083300068824, 59.33333210052141 ], [ 18.049999395278757, 59.333464722273455 ], [ 18.049780509614536, 59.333670460090282 ], [ 18.049338054869885, 59.333959569470117 ], [ 18.048577839234138, 59.334347331068464 ], [ 18.047728343366298, 59.334687123458508 ], [ 18.046487918751932, 59.335086929502495 ], [ 18.04592306987124, 59.335248694901921 ], [ 18.045469615703013, 59.335379719385145 ], [ 18.04499300140079, 59.335511486093338 ], [ 18.044520886717482, 59.335630568024584 ], [ 18.043567426627483, 59.33586545553446 ], [ 18.043414797620802, 59.335893768245612 ], [ 18.042838632352048, 59.336000109217977 ], [ 18.042436779471434, 59.336071496245275 ], [ 18.041752617363155, 59.336178949738525 ], [ 18.041052063124322, 59.33627309369043 ], [ 18.040587901198521, 59.336334520105325 ], [ 18.04032954441697, 59.336360722593085 ], [ 18.039960733574269, 59.336392662551354 ], [ 18.039623871042007, 59.33641439965465 ], [ 18.039255735194544, 59.336429084234737 ], [ 18.038861875998741, 59.336441762086622 ], [ 18.038595433278417, 59.336470168106942 ], [ 18.037791804016837, 59.336609359998661 ], [ 18.036901955121774, 59.336761153754743 ], [ 18.035755097620608, 59.33696607401999 ], [ 18.034516497024047, 59.337191208786606 ], [ 18.0335711556924, 59.337378183759064 ], [ 18.03216820118751, 59.337694959445479 ], [ 18.024772396711928, 59.339364618615498 ], [ 18.025084598988023, 59.339882630460885 ], [ 18.02551309443577, 59.340593587906859 ], [ 18.025498769604901, 59.340649197838346 ], [ 18.02547609641028, 59.340737173522896 ], [ 18.025416810422215, 59.340967253926117 ], [ 18.025374168698878, 59.341148485042041 ], [ 18.025498128326209, 59.341153039095346 ], [ 18.025684089882756, 59.341173021625714 ], [ 18.025621703919679, 59.341297008085363 ], [ 18.025554094533728, 59.341450542817157 ], [ 18.025543728057468, 59.341475490786294 ], [ 18.025493397253534, 59.341616581302524 ], [ 18.025423232409622, 59.341891327488277 ], [ 18.025399475277933, 59.3420476853452 ], [ 18.025389115838991, 59.342167409685977 ], [ 18.02538566526102, 59.342265815192306 ], [ 18.025394730965765, 59.342488861178005 ], [ 18.025415457003117, 59.342647275324289 ], [ 18.025439568400213, 59.342767679531967 ], [ 18.025492074385259, 59.342982820607403 ], [ 18.025679476938979, 59.343412984547903 ], [ 18.026015520223122, 59.34391464262638 ], [ 18.025792712157532, 59.344037803040678 ], [ 18.025588925877514, 59.344171120105024 ], [ 18.025494757253348, 59.344245715485457 ], [ 18.025351401276133, 59.344385914354369 ], [ 18.025472102417236, 59.34440619566471 ], [ 18.025603131605607, 59.34443255646508 ], [ 18.025731961507038, 59.344461672209114 ], [ 18.025858310925368, 59.344493506783508 ], [ 18.025982268165837, 59.344527674723722 ], [ 18.026083135805322, 59.344558102768012 ], [ 18.026083168092427, 59.344558114073855 ], [ 18.026103499031066, 59.344564247467211 ], [ 18.026220825920422, 59.344603763314161 ], [ 18.026334635101644, 59.344646168517194 ], [ 18.02650105874099, 59.344712418543466 ], [ 18.026708209780743, 59.344809529741603 ], [ 18.026765552979349, 59.344841023188309 ], [ 18.026806393438914, 59.344860880822537 ], [ 18.026857523955382, 59.344891534375066 ], [ 18.026947580034872, 59.344940993676886 ], [ 18.027113166728675, 59.345044473970603 ], [ 18.027120799043917, 59.345049370756215 ], [ 18.027125789184169, 59.345052362382198 ], [ 18.027134257442043, 59.345058005469774 ], [ 18.027157299953476, 59.345072789198326 ], [ 18.027256567714506, 59.345137139855879 ], [ 18.027682080109265, 59.345423058841362 ], [ 18.027973141799642, 59.345625877155683 ], [ 18.028978000387042, 59.346354066999844 ], [ 18.02925791324034, 59.34654585401146 ], [ 18.02941260628209, 59.346647082416439 ], [ 18.029889913171733, 59.346922333537265 ], [ 18.030585952044131, 59.347296730519425 ], [ 18.031028465120144, 59.347524141112082 ], [ 18.031028465121395, 59.347524141115045 ], [ 18.03084319939547, 59.34762286001191 ], [ 18.03075167084851, 59.347671301247765 ], [ 18.030701917694515, 59.34769667178162 ], [ 18.030701917695769, 59.347696671784568 ], [ 18.030682664630856, 59.347706133198002 ], [ 18.030605172691271, 59.3477442145102 ], [ 18.03049146776398, 59.347796727842429 ], [ 18.030463578712233, 59.347809608048543 ], [ 18.030367387229365, 59.347853400239103 ], [ 18.030307653088933, 59.347882094273466 ], [ 18.030287910712918, 59.347897251310286 ], [ 18.030275360516931, 59.34791469794402 ], [ 18.030274644329893, 59.347925025025582 ], [ 18.030273476794974, 59.347932604394103 ], [ 18.030273476796225, 59.347932604397052 ], [ 18.03027971479813, 59.347950520179268 ], [ 18.030294564048223, 59.347967069525282 ], [ 18.030317092044232, 59.347981175457704 ], [ 18.030345839144452, 59.347991940655199 ], [ 18.032128329948446, 59.348496284912045 ], [ 18.032149173003781, 59.348493732207608 ], [ 18.032150589198835, 59.348493558759181 ], [ 18.032184100223464, 59.348485345908948 ], [ 18.03219702249099, 59.348489003281571 ], [ 18.032371892474522, 59.348538496267231 ], [ 18.032371905878307, 59.34853848310555 ], [ 18.032638871439762, 59.348276337162446 ], [ 18.032638888626977, 59.348276320281173 ], [ 18.032639001005922, 59.348276351932206 ], [ 18.033608840252292, 59.34854947456018 ], [ 18.033993960280156, 59.348657889412749 ], [ 18.033993930666654, 59.34865791911222 ], [ 18.033994267998786, 59.348658014106839 ], [ 18.033743051450504, 59.3489098418273 ], [ 18.033825006139764, 59.348932770119291 ], [ 18.035599854490194, 59.349432507292548 ], [ 18.035600235087326, 59.349432614421211 ], [ 18.03540339020774, 59.34961488745558 ], [ 18.035384726621839, 59.349632169314255 ], [ 18.036924347299927, 59.350065745138075 ], [ 18.040708228884153, 59.351131207662313 ], [ 18.040727432135146, 59.351113408220577 ], [ 18.040924287047613, 59.350930942691164 ], [ 18.040863850061541, 59.350913930285969 ], [ 18.040535822675373, 59.350821593081569 ], [ 18.040535822726319, 59.350821593057297 ], [ 18.040793132451171, 59.350826850944934 ], [ 18.04089233590593, 59.350835031639768 ], [ 18.04130335115358, 59.350905744548996 ], [ 18.04187443072577, 59.351082669007361 ], [ 18.042857372162299, 59.350060059129319 ], [ 18.042857529023042, 59.350060103176766 ], [ 18.042857882030674, 59.350059735984857 ], [ 18.042886687338445, 59.350067791063587 ], [ 18.043293951328515, 59.350182411589699 ], [ 18.043900799454235, 59.350807313235578 ], [ 18.044504697418468, 59.351429142187982 ], [ 18.044513011167421, 59.351437688300386 ], [ 18.04453622701045, 59.351461607256013 ], [ 18.044634633957283, 59.351562933466433 ], [ 18.044947311694113, 59.352086303454882 ], [ 18.044937037795737, 59.352194651349159 ] ], [ [ 18.052678042788937, 59.353878328935714 ], [ 18.052663781639627, 59.353841011223828 ], [ 18.052678042836575, 59.353878328935508 ], [ 18.052689543950432, 59.353906207199536 ], [ 18.052678042788937, 59.353878328935714 ] ], [ [ 18.053163920928334, 59.353239116182657 ], [ 18.053214790923157, 59.353184242617296 ], [ 18.05327157627276, 59.353127218613537 ], [ 18.053214790979986, 59.353184242581456 ], [ 18.053163920910208, 59.353239116205735 ], [ 18.053161013524317, 59.353242345692003 ], [ 18.053163920928334, 59.353239116182657 ] ], [ [ 18.053410113609953, 59.353012966593965 ], [ 18.053533907904352, 59.35291657172192 ], [ 18.05354643585498, 59.352906837293347 ], [ 18.053533907926216, 59.352916571708064 ], [ 18.053410113620338, 59.353012966625016 ], [ 18.053357460953059, 59.353055583127329 ], [ 18.053410113609953, 59.353012966593965 ] ], [ [ 18.054125329245846, 59.352464512078207 ], [ 18.054238320490558, 59.352377112567112 ], [ 18.054303517230313, 59.352320015308656 ], [ 18.054238320558692, 59.352377112555324 ], [ 18.054125329321725, 59.352464512106522 ], [ 18.054078640621469, 59.352500539893484 ], [ 18.054125329245846, 59.352464512078207 ] ], [ [ 18.076880348545139, 59.332139049167225 ], [ 18.076742149780181, 59.331974549208432 ], [ 18.076742149817726, 59.331974549194662 ], [ 18.076880348622758, 59.332139049161604 ], [ 18.077406035694612, 59.332757926096647 ], [ 18.076880348545139, 59.332139049167225 ] ] ] } },
{ "type": "Feature", "properties": { "omrade_namn": "Skarpnäck", "omrade": "Skarpnäck", "folkmangd": 46407, "areal_land_ha": 1550, "areal_vatten_ha": 199, "tathet_inv_per_ha_land": 29.94, "areal_totalt_ha": 1749, "kalla": "Stockholms statistiska årsbok tabell 2.4, 2024-12-31" }, "geometry": { "type": "Polygon", "coordinates": [ [ [ 18.14978796767199, 59.269125036232182 ], [ 18.149915947250012, 59.268658149353058 ], [ 18.149742334804802, 59.268011935746983 ], [ 18.149727419567835, 59.265754264834541 ], [ 18.158614516521943, 59.26443741272417 ], [ 18.161268541254586, 59.26404401132568 ], [ 18.162178938068809, 59.263909052913263 ], [ 18.17034115022344, 59.262698726082895 ], [ 18.169602196899771, 59.25712503338611 ], [ 18.16958256399046, 59.256964117339351 ], [ 18.169582563989568, 59.256964117159839 ], [ 18.169582578657607, 59.256964091674355 ], [ 18.170462748794847, 59.255423872187031 ], [ 18.170356085101826, 59.254970644613792 ], [ 18.170740797490058, 59.252052888219751 ], [ 18.172573615412261, 59.251655094372815 ], [ 18.174778665581869, 59.25118088723881 ], [ 18.174847466027501, 59.250998418157032 ], [ 18.176762105569409, 59.248716942963924 ], [ 18.180699764119282, 59.246271791050241 ], [ 18.183591772398042, 59.246161304876438 ], [ 18.186263144109333, 59.246751166924234 ], [ 18.1878298152815, 59.246866405844813 ], [ 18.196618685808023, 59.247512539602816 ], [ 18.198371188614903, 59.247510676840932 ], [ 18.2000780635571, 59.247473796785407 ], [ 18.199867148393125, 59.247326149594222 ], [ 18.199604200874422, 59.247139886033061 ], [ 18.196653060532473, 59.245049146381191 ], [ 18.196475659287749, 59.243948922780419 ], [ 18.196186260784124, 59.242153923023615 ], [ 18.195949667372396, 59.240648136121926 ], [ 18.195599367231583, 59.238455939933218 ], [ 18.19555024355823, 59.238147949238815 ], [ 18.195397018986352, 59.237189080744152 ], [ 18.195362330912261, 59.236971940137217 ], [ 18.195217995078309, 59.236068644378783 ], [ 18.195043040882982, 59.234973701920147 ], [ 18.194753670592906, 59.233178574416968 ], [ 18.19462550870065, 59.232362949900612 ], [ 18.194560666812997, 59.231950299552352 ], [ 18.194561986432188, 59.231913364157151 ], [ 18.193794857071083, 59.230245370958606 ], [ 18.193716319109686, 59.229785545791387 ], [ 18.192275060964199, 59.229629165013158 ], [ 18.190868637452134, 59.229626053932705 ], [ 18.189192130886731, 59.229998936330333 ], [ 18.188090038840258, 59.230243401550425 ], [ 18.187416949156162, 59.230385171666903 ], [ 18.187323169728703, 59.230405574818278 ], [ 18.183941342110284, 59.231080473454327 ], [ 18.182343935628293, 59.231399161728959 ], [ 18.177990617373233, 59.232267110280418 ], [ 18.177189738960738, 59.232426768206693 ], [ 18.175711989557939, 59.233938098329602 ], [ 18.17239240044907, 59.234503063965114 ], [ 18.171982917813743, 59.234572241386061 ], [ 18.171982594588272, 59.234572296346137 ], [ 18.171982429674721, 59.234572323850635 ], [ 18.169466101853697, 59.234997394279645 ], [ 18.166789060593022, 59.235438355103227 ], [ 18.162546157908736, 59.236146501159986 ], [ 18.162281239079785, 59.236187931441627 ], [ 18.146804903636717, 59.23860732362877 ], [ 18.134354273080707, 59.242204850424351 ], [ 18.133674175007616, 59.242401304359461 ], [ 18.133168418351964, 59.242686354489244 ], [ 18.130899699312678, 59.244002216445082 ], [ 18.129598254350075, 59.244757000238714 ], [ 18.131484602826081, 59.246246387202312 ], [ 18.131744520305336, 59.247528605944574 ], [ 18.131701986431029, 59.247592518621651 ], [ 18.131062227621825, 59.248796528310898 ], [ 18.131327713364552, 59.249758583767516 ], [ 18.131852883763116, 59.250068176854278 ], [ 18.132161943705004, 59.250239396168347 ], [ 18.132777403256828, 59.250579302610596 ], [ 18.133210012553111, 59.25137356041877 ], [ 18.133175223932643, 59.251469319034811 ], [ 18.133048404833509, 59.251613893307059 ], [ 18.131967097398178, 59.252849517520744 ], [ 18.131156719741945, 59.253775482104594 ], [ 18.130901053297869, 59.254067603638433 ], [ 18.130574894256426, 59.254812263231969 ], [ 18.130311297579706, 59.256852712942198 ], [ 18.130041892318609, 59.257468414281675 ], [ 18.130232186959191, 59.258123919871586 ], [ 18.130113022294399, 59.258220386089683 ], [ 18.130120134028626, 59.258260139320683 ], [ 18.130095584156383, 59.258307522347188 ], [ 18.130065752307669, 59.2583608329371 ], [ 18.130025375648508, 59.258426833288098 ], [ 18.129953228628789, 59.258456478451649 ], [ 18.129896913468823, 59.258478511512266 ], [ 18.129859981562284, 59.25850644032446 ], [ 18.129844224517853, 59.258550443239159 ], [ 18.129872430879384, 59.258567339332998 ], [ 18.129905895896766, 59.25857544440359 ], [ 18.129913651481399, 59.258578887040215 ], [ 18.129851263401228, 59.258605995285528 ], [ 18.12976397995174, 59.258653201659932 ], [ 18.129659222741843, 59.258771621334873 ], [ 18.12925312076062, 59.259267820081376 ], [ 18.127736395956745, 59.260188785458013 ], [ 18.126508744475242, 59.261048251417044 ], [ 18.126433458012237, 59.261386043538295 ], [ 18.126589928967995, 59.261581415679586 ], [ 18.126710312692897, 59.261692588908922 ], [ 18.126850980401656, 59.261936505401039 ], [ 18.126703118386597, 59.262153179956044 ], [ 18.126669139451632, 59.262193951226998 ], [ 18.126540338041998, 59.262171316542577 ], [ 18.126215122496525, 59.26220755065512 ], [ 18.126236549458742, 59.262253642912675 ], [ 18.127335617520156, 59.262691885771609 ], [ 18.124396224679458, 59.263543217853737 ], [ 18.124045719113891, 59.263903016260144 ], [ 18.123606404279212, 59.263790834261009 ], [ 18.12332521158692, 59.263999288713734 ], [ 18.12241438989227, 59.264601715567693 ], [ 18.122033208922851, 59.264836272933302 ], [ 18.121545841908627, 59.265124015881192 ], [ 18.120987301885879, 59.265471640325877 ], [ 18.119698458673344, 59.266283678257622 ], [ 18.119258955653208, 59.266552459414797 ], [ 18.119035738184426, 59.266716576713833 ], [ 18.118354028621678, 59.266450538273943 ], [ 18.117945544667485, 59.266339928217576 ], [ 18.117713482174523, 59.266297588976229 ], [ 18.117294068657742, 59.266253363017704 ], [ 18.116885669055954, 59.266230853544542 ], [ 18.116763294197998, 59.266216386903068 ], [ 18.116365934012478, 59.266147462418587 ], [ 18.115681605267216, 59.266006426310838 ], [ 18.115823257098498, 59.265793269029672 ], [ 18.115665746341627, 59.265725335831746 ], [ 18.115390425115688, 59.265623175275991 ], [ 18.114995158809549, 59.265445423991252 ], [ 18.114997173212931, 59.265326090101944 ], [ 18.115247581147969, 59.265121411681037 ], [ 18.115020954075685, 59.265007558711225 ], [ 18.114923557293498, 59.264910666179958 ], [ 18.115085332569887, 59.264566013503149 ], [ 18.114932141971, 59.264541074670994 ], [ 18.113218781756832, 59.264789456004671 ], [ 18.112276368905015, 59.264928325907668 ], [ 18.112195102685885, 59.264894160650293 ], [ 18.111846513930068, 59.264760068523863 ], [ 18.11143968255848, 59.264590946205537 ], [ 18.110623479037798, 59.265031712753448 ], [ 18.110297641097379, 59.265113965420397 ], [ 18.109956534329719, 59.265330020217931 ], [ 18.109300652091019, 59.265110976011314 ], [ 18.108153970796803, 59.265921194501878 ], [ 18.106484705594589, 59.26711067987921 ], [ 18.106361592496768, 59.26730079707643 ], [ 18.106302787846754, 59.267369807520872 ], [ 18.10603718139248, 59.267686248134829 ], [ 18.106502116749542, 59.267775203955345 ], [ 18.107311204185141, 59.26866274185263 ], [ 18.107716985033814, 59.269108276845934 ], [ 18.107857175935134, 59.26926563781528 ], [ 18.108420716520961, 59.269890384110461 ], [ 18.10858075194292, 59.27006332098042 ], [ 18.109209479071513, 59.270757135639975 ], [ 18.109369978907996, 59.270930412514907 ], [ 18.109489895393946, 59.271063909392062 ], [ 18.109696151499087, 59.271285222454452 ], [ 18.10990693997309, 59.27152195617294 ], [ 18.109899154784333, 59.271534598951256 ], [ 18.109271560767841, 59.272402391783459 ], [ 18.109195044266986, 59.272736531434731 ], [ 18.109182361391166, 59.272824439578621 ], [ 18.109072962267078, 59.273211937610562 ], [ 18.109504408529883, 59.274558859185895 ], [ 18.109678407290147, 59.275067289174928 ], [ 18.109695234994124, 59.275174418746836 ], [ 18.109772886043491, 59.275834637956173 ], [ 18.109699999899171, 59.276100107217061 ], [ 18.109610389416439, 59.276803194936662 ], [ 18.106515286203468, 59.277814780756998 ], [ 18.104561776146401, 59.278250268058436 ], [ 18.100015901857443, 59.278865885779844 ], [ 18.099942144801037, 59.279345402843518 ], [ 18.099395772108625, 59.279334027159003 ], [ 18.099373163533944, 59.279435272264294 ], [ 18.099308527821361, 59.279820176206577 ], [ 18.098857235439695, 59.28111053460276 ], [ 18.098386297160168, 59.282540144063475 ], [ 18.09759583194683, 59.283410055148579 ], [ 18.096998903902257, 59.284066001077925 ], [ 18.097333324433844, 59.284157544360689 ], [ 18.098194759667297, 59.284417412315406 ], [ 18.098346791953361, 59.284459052022093 ], [ 18.098563994352201, 59.284525410661395 ], [ 18.098721368997442, 59.284589247600437 ], [ 18.098800228053985, 59.284617813129316 ], [ 18.098892554933268, 59.284671185897771 ], [ 18.099405884036287, 59.2849719011516 ], [ 18.100505612444213, 59.285576972521248 ], [ 18.101152392729162, 59.28593048204857 ], [ 18.10136919510953, 59.28605882922966 ], [ 18.101522316052328, 59.286219809992787 ], [ 18.101580470128084, 59.286298605594858 ], [ 18.101630172251081, 59.286409343045904 ], [ 18.101661447118804, 59.286558345490377 ], [ 18.101653111854343, 59.286693556041342 ], [ 18.10163478325266, 59.28675200104599 ], [ 18.101484397235097, 59.287139471351551 ], [ 18.101230612138689, 59.287790018594222 ], [ 18.100945532082058, 59.288517259886 ], [ 18.100969163330415, 59.288866186444658 ], [ 18.100993852867425, 59.28899794401282 ], [ 18.101003775516929, 59.289082642933373 ], [ 18.100950086291927, 59.289266186192549 ], [ 18.100847803419182, 59.289470293616738 ], [ 18.100820402407905, 59.289501020649844 ], [ 18.100729024623622, 59.28955590774715 ], [ 18.100591945604673, 59.289629454667526 ], [ 18.100390909571495, 59.289742529007512 ], [ 18.100345144716037, 59.289766107975247 ], [ 18.10029492353635, 59.289816591153361 ], [ 18.10023357385516, 59.290101858522156 ], [ 18.100261045927695, 59.290136956213225 ], [ 18.100311379882982, 59.290157782442648 ], [ 18.101287762184789, 59.290234238444718 ], [ 18.101458459947764, 59.29024967211403 ], [ 18.101510340661299, 59.290246099111883 ], [ 18.101485246173031, 59.290295523666039 ], [ 18.101182389426281, 59.290813214982464 ], [ 18.09986299822673, 59.291188168610141 ], [ 18.099580534275166, 59.291169512055617 ], [ 18.097482740177039, 59.291012435720148 ], [ 18.097491435379887, 59.290991975546589 ], [ 18.097553620306471, 59.290751609673883 ], [ 18.096209271536722, 59.290635102847631 ], [ 18.096580590182576, 59.289928692765514 ], [ 18.096510620066475, 59.28985870498515 ], [ 18.096388835703863, 59.289758292606642 ], [ 18.096303624560363, 59.289692869219763 ], [ 18.095822631708355, 59.289625755115978 ], [ 18.095816577248883, 59.289624913070909 ], [ 18.095821990096777, 59.289646939957912 ], [ 18.095865878557948, 59.289667115734488 ], [ 18.095905395087271, 59.28969941104652 ], [ 18.09592034384719, 59.289728571568645 ], [ 18.095856061439932, 59.290101754411289 ], [ 18.095615587536336, 59.290971947459958 ], [ 18.095507266719359, 59.291308356656103 ], [ 18.0951780413954, 59.293289251802136 ], [ 18.095108763006156, 59.293844623500441 ], [ 18.095045254380032, 59.294353872110321 ], [ 18.094437907836674, 59.294325522366826 ], [ 18.093972935098076, 59.294317591020793 ], [ 18.093576823865479, 59.294323041317554 ], [ 18.09323076191825, 59.294343539591338 ], [ 18.092797619969559, 59.294384616841569 ], [ 18.092492767902659, 59.294427301268705 ], [ 18.092135762102501, 59.294493732977919 ], [ 18.09226736192171, 59.2948326554556 ], [ 18.091610195244364, 59.295032664832341 ], [ 18.091526923422396, 59.295092641232145 ], [ 18.091374531655369, 59.295163820279846 ], [ 18.091147988663501, 59.295253411166762 ], [ 18.090618784780915, 59.29547174942234 ], [ 18.089344853610349, 59.296085460516871 ], [ 18.089029779252083, 59.296212372330814 ], [ 18.088688529301876, 59.296333427781661 ], [ 18.087905548615826, 59.296581421683349 ], [ 18.087376964519795, 59.296736243884595 ], [ 18.086839404719928, 59.296888381952009 ], [ 18.086586583318649, 59.296951160709881 ], [ 18.086430511725482, 59.296983485741798 ], [ 18.0866623782555, 59.297232128754267 ], [ 18.086714090153798, 59.297301660916531 ], [ 18.086856634668809, 59.29747313037133 ], [ 18.086880412270247, 59.297579419258312 ], [ 18.086884245491966, 59.297632992006584 ], [ 18.086889788293071, 59.297650962244262 ], [ 18.086891859723909, 59.297763288570067 ], [ 18.086879939703145, 59.297871506638515 ], [ 18.086857890442502, 59.298022295110187 ], [ 18.086836448379614, 59.298096951091082 ], [ 18.086822447767219, 59.298193661401505 ], [ 18.086842912552836, 59.298260219714606 ], [ 18.086758024627478, 59.298272178222142 ], [ 18.086924200264026, 59.298491192248832 ], [ 18.086920708593087, 59.298492602475072 ], [ 18.086892923185978, 59.298508021068542 ], [ 18.0868373585493, 59.298563768237557 ], [ 18.08679520921882, 59.298627178333298 ], [ 18.086760708758892, 59.298668639380089 ], [ 18.086685918389431, 59.298830233090285 ], [ 18.086612259460825, 59.298925220663016 ], [ 18.086548437300142, 59.299010771606092 ], [ 18.086319778307953, 59.299382098463589 ], [ 18.08626836780461, 59.299453849686188 ], [ 18.086265051491246, 59.299474038642956 ], [ 18.086268963997128, 59.299491972997586 ], [ 18.086295501678883, 59.299532065928965 ], [ 18.086321569390559, 59.299557051299324 ], [ 18.086357082370768, 59.299585320163708 ], [ 18.086438678515307, 59.299646891504061 ], [ 18.086470971739654, 59.299666121649061 ], [ 18.086630397567596, 59.299718933579179 ], [ 18.087589130301513, 59.299989813969461 ], [ 18.088155179651768, 59.300136565356077 ], [ 18.08862006578331, 59.300224962346405 ], [ 18.089230890474415, 59.300313324506895 ], [ 18.089713737439546, 59.300374925460581 ], [ 18.090072604369411, 59.300416792755648 ], [ 18.090290726256793, 59.300449763068904 ], [ 18.090756420804357, 59.300511062888887 ], [ 18.091559244328003, 59.300580800310776 ], [ 18.092435548383627, 59.30061462357488 ], [ 18.094597872535417, 59.30065682072631 ], [ 18.095490555928304, 59.300671354502583 ], [ 18.096189019433083, 59.300687664200893 ], [ 18.097292277561248, 59.300710309247606 ], [ 18.100756383876352, 59.300778290265946 ], [ 18.100783763737656, 59.300747122657484 ], [ 18.100826516133239, 59.300713149078305 ], [ 18.100902690977055, 59.300666812198862 ], [ 18.100981373937913, 59.30063355364382 ], [ 18.101043326463905, 59.300612769480679 ], [ 18.101122112799001, 59.300592787482337 ], [ 18.101152279334858, 59.300587723322195 ], [ 18.101136165662929, 59.30055819513985 ], [ 18.101712863842383, 59.300569992139962 ], [ 18.101700825277014, 59.300615221459935 ], [ 18.101749095364841, 59.300630357708087 ], [ 18.101817145378419, 59.300658404936144 ], [ 18.101886313572539, 59.30069655051458 ], [ 18.1019291289346, 59.300729085717904 ], [ 18.10198404446723, 59.300781275936359 ], [ 18.101998337452429, 59.300799790112102 ], [ 18.102188226928181, 59.30080502990549 ], [ 18.103933008824615, 59.30083965812662 ], [ 18.103926914955725, 59.300700798199379 ], [ 18.105015411486605, 59.300512976236057 ], [ 18.105488511958811, 59.300640379873215 ], [ 18.105689681852766, 59.300615304684193 ], [ 18.105845777882099, 59.300669403528474 ], [ 18.106275465795616, 59.300605208724384 ], [ 18.106889869475122, 59.300667335249962 ], [ 18.107348808698582, 59.30062650082759 ], [ 18.107634525091513, 59.300631667607618 ], [ 18.108246503940833, 59.300784805353899 ], [ 18.108317501965537, 59.301045196709175 ], [ 18.108608785914424, 59.301097398010107 ], [ 18.109082889894989, 59.301205352341917 ], [ 18.109528720074117, 59.301232237148355 ], [ 18.109506127931002, 59.301334546946997 ], [ 18.109742495728963, 59.301341030732921 ], [ 18.109748287243995, 59.301340516699575 ], [ 18.110792685531244, 59.301367501577197 ], [ 18.110869616378615, 59.301569709857752 ], [ 18.111146311451812, 59.301760200458567 ], [ 18.111458519534523, 59.301695426710552 ], [ 18.111550385398779, 59.301693341273392 ], [ 18.111791465951388, 59.301780826740639 ], [ 18.113184237460985, 59.30155643508251 ], [ 18.114371510887459, 59.301429429338356 ], [ 18.114472840250837, 59.301418854541978 ], [ 18.11540137859188, 59.301319342551693 ], [ 18.116375471662771, 59.301155438757633 ], [ 18.117410993707555, 59.301263506001192 ], [ 18.118646822425447, 59.301328349277306 ], [ 18.120380279892167, 59.301220652859818 ], [ 18.120433240364143, 59.301224798577593 ], [ 18.123437911350209, 59.301457345160266 ], [ 18.123438110880048, 59.301457321514945 ], [ 18.126796657641826, 59.301059268440881 ], [ 18.128219366636756, 59.301222022594686 ], [ 18.130138022709577, 59.301265788907493 ], [ 18.129588221115387, 59.300851913288028 ], [ 18.124556946572898, 59.297063927657426 ], [ 18.121911678464784, 59.295070998569621 ], [ 18.120844076533032, 59.294330422909553 ], [ 18.120540313504172, 59.294122191548389 ], [ 18.119728871496353, 59.293922455531103 ], [ 18.119366422377851, 59.293833772950848 ], [ 18.119345951844146, 59.293828764510714 ], [ 18.11965708120777, 59.293342422822455 ], [ 18.119972436668764, 59.29284942726936 ], [ 18.120712821988374, 59.291691956106497 ], [ 18.121354370288131, 59.290686509213529 ], [ 18.121415196103836, 59.290593824760073 ], [ 18.121624379330026, 59.290266717182625 ], [ 18.121649121144888, 59.290238760063104 ], [ 18.121723590652792, 59.290154651950722 ], [ 18.121749243318085, 59.290125323814742 ], [ 18.121849469865779, 59.290012479121884 ], [ 18.123305053007368, 59.28836839236611 ], [ 18.124345975401937, 59.287897821616745 ], [ 18.124643882289057, 59.287763140178782 ], [ 18.133343105545276, 59.283872674650397 ], [ 18.138175718923218, 59.281700261510558 ], [ 18.138867479483022, 59.281401240234125 ], [ 18.142334907478045, 59.279902251916262 ], [ 18.142952286698964, 59.279635331072406 ], [ 18.145338393440898, 59.278104934800716 ], [ 18.152069985629304, 59.273786187490145 ], [ 18.151883098090622, 59.27355993364953 ], [ 18.151378205822617, 59.273002372283088 ], [ 18.151094607137708, 59.272554627912001 ], [ 18.151087247762955, 59.272430303475261 ], [ 18.150833979076285, 59.272166562766728 ], [ 18.150791561026939, 59.272047649215452 ], [ 18.150565051224, 59.27162814039022 ], [ 18.150270235898788, 59.271238751652611 ], [ 18.150334709171094, 59.271088343789238 ], [ 18.150314710828543, 59.270920041535881 ], [ 18.150266532079787, 59.270847811530686 ], [ 18.150281759118194, 59.270645372445479 ], [ 18.150448032415547, 59.270202246868926 ], [ 18.150014661716828, 59.269807119983327 ], [ 18.149676340576001, 59.269532215430864 ], [ 18.149759893204664, 59.269305042155942 ], [ 18.14978796767199, 59.269125036232182 ] ] ] } },
{ "type": "Feature", "properties": { "omrade_namn": "Skärholmen", "omrade": "Skärholmen", "folkmangd": 38112, "areal_land_ha": 886, "areal_vatten_ha": 143, "tathet_inv_per_ha_land": 43.02, "areal_totalt_ha": 1029, "kalla": "Stockholms statistiska årsbok tabell 2.4, 2024-12-31" }, "geometry": { "type": "Polygon", "coordinates": [ [ [ 17.876145377216087, 59.268734132541027 ], [ 17.875308686644107, 59.269030456158418 ], [ 17.874244705609851, 59.270447576312513 ], [ 17.872145187725852, 59.273201794878652 ], [ 17.870904738821913, 59.273537619858509 ], [ 17.867421488250969, 59.274015593651171 ], [ 17.864557754408857, 59.274400526074366 ], [ 17.863492227262459, 59.274543731719291 ], [ 17.866293034986608, 59.277471881702887 ], [ 17.867978431238129, 59.279573579935899 ], [ 17.865301359877819, 59.286221695507486 ], [ 17.876261451036044, 59.286786737871516 ], [ 17.886229374571826, 59.287146954608488 ], [ 17.886229937576751, 59.287147583289041 ], [ 17.886229950232625, 59.287147583746922 ], [ 17.890016686893411, 59.291375483930928 ], [ 17.893220974766052, 59.293151280518501 ], [ 17.896847033208957, 59.293755165993623 ], [ 17.905075564436402, 59.295965693899923 ], [ 17.9094070047725, 59.299334581147022 ], [ 17.911567722148344, 59.299877321500894 ], [ 17.914106860075083, 59.300452961261705 ], [ 17.914582703226973, 59.300577088885987 ], [ 17.920248945342959, 59.300946073364777 ], [ 17.925182563943562, 59.302027435727275 ], [ 17.928178720641579, 59.303171762530624 ], [ 17.933340785667212, 59.302916996482061 ], [ 17.936762635824195, 59.303697770665664 ], [ 17.938609255025511, 59.302222660952161 ], [ 17.939961263453338, 59.301173039213488 ], [ 17.941621275295496, 59.299888527813508 ], [ 17.941448199865665, 59.299863033245479 ], [ 17.941379376470941, 59.299848815977775 ], [ 17.941340568134095, 59.299839095662577 ], [ 17.941300236799826, 59.299817695145585 ], [ 17.941280750601155, 59.299803261086616 ], [ 17.941273162352516, 59.299789403212614 ], [ 17.941257084354113, 59.299758266329214 ], [ 17.941266524757385, 59.299722250836325 ], [ 17.941276938204542, 59.299704872000667 ], [ 17.941361560482321, 59.299644721573657 ], [ 17.94155848990998, 59.29948546780971 ], [ 17.941729291877735, 59.299318560428624 ], [ 17.94180569171991, 59.299228904756909 ], [ 17.941891056309764, 59.299124445173966 ], [ 17.942043561707735, 59.298901128895281 ], [ 17.942180355408102, 59.298683579772423 ], [ 17.942238821490374, 59.298571151837812 ], [ 17.942256334200607, 59.298529712389467 ], [ 17.942405423302034, 59.298181283036463 ], [ 17.942472313527496, 59.297861830177418 ], [ 17.942520304824939, 59.297467072414932 ], [ 17.942521188610129, 59.29733348063008 ], [ 17.942501353663932, 59.29720547196834 ], [ 17.942465462301918, 59.297076982513751 ], [ 17.942412015895798, 59.296950003776772 ], [ 17.942341363543242, 59.29682525411144 ], [ 17.9422319027017, 59.296650792868476 ], [ 17.942201327710485, 59.296605433168772 ], [ 17.94219898279443, 59.296577737659717 ], [ 17.942210793783168, 59.296546858939564 ], [ 17.942253809991399, 59.296520684529021 ], [ 17.942340964048988, 59.296504719572106 ], [ 17.942491171764846, 59.296494707618351 ], [ 17.94260443601717, 59.296484995288502 ], [ 17.942722623434449, 59.296467369600656 ], [ 17.942857587011698, 59.296439794272686 ], [ 17.943016247190158, 59.296395345183775 ], [ 17.943205827739273, 59.296304701306994 ], [ 17.943334887024047, 59.2962271106204 ], [ 17.943407310524208, 59.296160709466037 ], [ 17.943454339846618, 59.296104582509614 ], [ 17.943497569235355, 59.296014744437514 ], [ 17.943488535084779, 59.295800361754196 ], [ 17.943661883129824, 59.295317453080251 ], [ 17.943916890563486, 59.295129448816901 ], [ 17.945311300197321, 59.294428250768355 ], [ 17.945683833444075, 59.294218790190413 ], [ 17.945894512186754, 59.294014585917694 ], [ 17.946069422478654, 59.293789829993806 ], [ 17.946136076611769, 59.29359125707785 ], [ 17.946203253373685, 59.293185787256711 ], [ 17.946306935773375, 59.292692707867978 ], [ 17.946345777487554, 59.292514174304799 ], [ 17.946909072826845, 59.289947966464879 ], [ 17.946999849402033, 59.289778899291548 ], [ 17.947094556048391, 59.289490725412456 ], [ 17.947199557529345, 59.289328079478729 ], [ 17.947348878945853, 59.28921477063345 ], [ 17.947585279641043, 59.28911886964837 ], [ 17.947379055252451, 59.288999278350722 ], [ 17.94750992243462, 59.288813351149088 ], [ 17.94819650138346, 59.287971872177842 ], [ 17.94965873861744, 59.286364935343961 ], [ 17.949976812451204, 59.286120966168738 ], [ 17.948674665227685, 59.286015002170942 ], [ 17.948348794612794, 59.285989708734725 ], [ 17.948221414898516, 59.285985130334844 ], [ 17.948072444384881, 59.285981398942162 ], [ 17.947913568881159, 59.285982900577856 ], [ 17.94788363756426, 59.285984934497641 ], [ 17.947784833710291, 59.28599319741663 ], [ 17.947746436465867, 59.285997145493226 ], [ 17.947688272167596, 59.286004605564003 ], [ 17.947659616974896, 59.286008781369333 ], [ 17.947555253557915, 59.286025207688525 ], [ 17.947471567040893, 59.286041995690503 ], [ 17.947319678821813, 59.2860800969897 ], [ 17.947162657507491, 59.286131544974424 ], [ 17.947157031638575, 59.286133591839487 ], [ 17.947071310566955, 59.286168112780921 ], [ 17.947059125278951, 59.286173590987424 ], [ 17.946994989150017, 59.286203449123661 ], [ 17.946982639969193, 59.286209505274897 ], [ 17.946933485059148, 59.286235535917996 ], [ 17.946916757518512, 59.286245209897679 ], [ 17.946748982911625, 59.286359217390476 ], [ 17.946683387232344, 59.286419915139611 ], [ 17.946668862826979, 59.286433847721518 ], [ 17.94663102687095, 59.28652479414113 ], [ 17.946629529176995, 59.286531115202322 ], [ 17.946628663922279, 59.286538496897208 ], [ 17.946629858642257, 59.286633062831804 ], [ 17.946635957230342, 59.286662367347638 ], [ 17.946673568400808, 59.286748703057611 ], [ 17.946686306003269, 59.2867679247612 ], [ 17.946738833743748, 59.286831152422728 ], [ 17.946748374901542, 59.286840676523404 ], [ 17.946791699768216, 59.286877939373475 ], [ 17.946815937700542, 59.28689549027338 ], [ 17.946865919100922, 59.28692958129929 ], [ 17.946927903036698, 59.286964430858227 ], [ 17.946958512778437, 59.286979317387122 ], [ 17.947039984483247, 59.287014358482061 ], [ 17.947103994622449, 59.28703857519028 ], [ 17.947123313597093, 59.287044218588356 ], [ 17.947211619738731, 59.28706979538957 ], [ 17.948332755968828, 59.287351357771293 ], [ 17.947987092801078, 59.287736526504602 ], [ 17.94797212517916, 59.287753201215843 ], [ 17.947278962771666, 59.287583096586793 ], [ 17.94429977819901, 59.286851921663001 ], [ 17.942398071740694, 59.286397252675783 ], [ 17.94219866345049, 59.286347460949223 ], [ 17.937878740373215, 59.285350237064627 ], [ 17.936249345520526, 59.284972280709184 ], [ 17.934747841348646, 59.284622369157383 ], [ 17.934746288941724, 59.284622008672528 ], [ 17.934738570906955, 59.28462020869123 ], [ 17.934710249386658, 59.284613608386572 ], [ 17.932190363680672, 59.284026206432905 ], [ 17.929473922374566, 59.283394852227957 ], [ 17.928435888386744, 59.283151209884593 ], [ 17.927367524779328, 59.28290242873932 ], [ 17.927314754780614, 59.282890379166027 ], [ 17.927215965973797, 59.282867135468386 ], [ 17.926708224611509, 59.282748896682961 ], [ 17.926254436442051, 59.282627342241319 ], [ 17.925860357306476, 59.28252512589583 ], [ 17.925742067015019, 59.282490092925755 ], [ 17.925703777828065, 59.282479836207322 ], [ 17.925549204510133, 59.28243297745837 ], [ 17.924743649019703, 59.282194393307648 ], [ 17.923685001725907, 59.28184222751328 ], [ 17.923566694569701, 59.281802817545412 ], [ 17.922788751567591, 59.281509750369501 ], [ 17.922656582632108, 59.281403062018057 ], [ 17.922518245216761, 59.281346996818783 ], [ 17.922333781014029, 59.281247257270294 ], [ 17.92216408059241, 59.281183080701929 ], [ 17.921465073254556, 59.280808566504284 ], [ 17.920860399685441, 59.2804933036807 ], [ 17.920689414523004, 59.28039141889748 ], [ 17.92035045847393, 59.280171515128202 ], [ 17.92026317734765, 59.280116437249177 ], [ 17.91922562513437, 59.279441758783577 ], [ 17.919200183232775, 59.279425259450996 ], [ 17.919022083630534, 59.279404140735984 ], [ 17.915283355631011, 59.278961689645797 ], [ 17.915282716492971, 59.278960671342269 ], [ 17.915280834757702, 59.278960448148375 ], [ 17.914870765017394, 59.278304318351474 ], [ 17.914633939926031, 59.277926978230553 ], [ 17.914342880923005, 59.277466955291438 ], [ 17.913571142761398, 59.276259466495496 ], [ 17.91242300214423, 59.274462853228101 ], [ 17.912024224101156, 59.273838797145388 ], [ 17.911720398144549, 59.273811711680452 ], [ 17.911720396391193, 59.273811711499711 ], [ 17.911659818615238, 59.273583812903532 ], [ 17.911555239781379, 59.272987190768127 ], [ 17.91155523978184, 59.272987190588573 ], [ 17.911597576004148, 59.272728527797476 ], [ 17.911587379029726, 59.272653291279418 ], [ 17.911661600648561, 59.272644935350293 ], [ 17.911576713543145, 59.27244331314251 ], [ 17.911499452391254, 59.272424286290843 ], [ 17.911393506679673, 59.272144722099938 ], [ 17.911391407434216, 59.272103067621401 ], [ 17.911401656209243, 59.272085394844787 ], [ 17.911052464634611, 59.271845416244403 ], [ 17.910631702734744, 59.271368908976271 ], [ 17.910424890614689, 59.27117181727975 ], [ 17.91007453651693, 59.270846600418892 ], [ 17.909956585992006, 59.270737104022764 ], [ 17.909252963570083, 59.270074879777837 ], [ 17.909016938411334, 59.269843884881524 ], [ 17.908650367033623, 59.269485075200222 ], [ 17.908515582306535, 59.269356905441668 ], [ 17.908232620887109, 59.269142670227559 ], [ 17.908069377699523, 59.269071929219983 ], [ 17.907866475385525, 59.268983997607691 ], [ 17.907420266206248, 59.268809524370759 ], [ 17.906999121227088, 59.268678256487846 ], [ 17.906305804396261, 59.268513733688103 ], [ 17.905555594289584, 59.268407671393483 ], [ 17.904352397930381, 59.268357657101753 ], [ 17.904224567429178, 59.268353093264913 ], [ 17.903158988970866, 59.268345489119717 ], [ 17.902372432734204, 59.26832976329198 ], [ 17.901527525588225, 59.268308117664574 ], [ 17.901527523245221, 59.268308117198316 ], [ 17.901466011202988, 59.268300591125616 ], [ 17.901417679981634, 59.268286257913168 ], [ 17.901359779232866, 59.268255843420292 ], [ 17.900985979643316, 59.268244073411928 ], [ 17.9006114436255, 59.268217380989434 ], [ 17.900389282199548, 59.26819080251736 ], [ 17.900107723589858, 59.268157311780584 ], [ 17.899621277131221, 59.26806747494804 ], [ 17.899158886404688, 59.267948947573174 ], [ 17.898851741220753, 59.267845400105855 ], [ 17.898726384119229, 59.267803281130135 ], [ 17.898326286957495, 59.267650263237208 ], [ 17.898317993574892, 59.267647094971998 ], [ 17.898093938901241, 59.267526966936956 ], [ 17.897811493800521, 59.267370047795758 ], [ 17.897212061843238, 59.267635053343604 ], [ 17.896985397876684, 59.267505647438377 ], [ 17.896949102031101, 59.267485311828366 ], [ 17.895932465536713, 59.267385348372557 ], [ 17.895566404236746, 59.267349351583711 ], [ 17.895263001337643, 59.267319520179363 ], [ 17.893867477145609, 59.26731782740432 ], [ 17.892627762057774, 59.267653664464653 ], [ 17.892498880717739, 59.268025188785082 ], [ 17.89249510894604, 59.26879725796794 ], [ 17.892362981576603, 59.268922958601472 ], [ 17.887780198855751, 59.268922423949661 ], [ 17.887333879710699, 59.269174919974255 ], [ 17.887333691590936, 59.269429984733428 ], [ 17.887333431344135, 59.270092291496333 ], [ 17.887333413044402, 59.270215200348154 ], [ 17.887331478389129, 59.270215198076947 ], [ 17.886323976046985, 59.270216679226564 ], [ 17.885162387490848, 59.27021597955013 ], [ 17.883755535335869, 59.270218373516769 ], [ 17.881630057821482, 59.270214387879314 ], [ 17.879534238961046, 59.269035726857688 ], [ 17.878005175056547, 59.268170436264072 ], [ 17.877903032316944, 59.268112865137482 ], [ 17.876145377216087, 59.268734132541027 ] ] ] } },
{ "type": "Feature", "properties": { "omrade_namn": "Södermalm", "omrade": "Södermalm", "folkmangd": 130402, "areal_land_ha": 800, "areal_vatten_ha": 267, "tathet_inv_per_ha_land": 163.0, "areal_totalt_ha": 1067, "kalla": "Stockholms statistiska årsbok tabell 2.4, 2024-12-31" }, "geometry": { "type": "Polygon", "coordinates": [ [ [ 18.109327782384231, 59.317680111774521 ], [ 18.108590723825245, 59.315106983762277 ], [ 18.108105068965887, 59.315021808259026 ], [ 18.10784747544351, 59.315149281998515 ], [ 18.1075149665716, 59.314958124424685 ], [ 18.107540235480599, 59.314946176247823 ], [ 18.105401585292437, 59.313719730647605 ], [ 18.105608324941677, 59.313644335307401 ], [ 18.105761704742775, 59.313583143846685 ], [ 18.105748003905678, 59.313579370240461 ], [ 18.105853347054328, 59.313528823073796 ], [ 18.105898067358378, 59.313507327403535 ], [ 18.10647369318248, 59.313228526826485 ], [ 18.106500259146966, 59.313215751399774 ], [ 18.106951911362053, 59.312998506078394 ], [ 18.107234884321922, 59.312862386641541 ], [ 18.107752418949708, 59.312617544460942 ], [ 18.107680992933865, 59.3125183208492 ], [ 18.107588408212781, 59.312380623612157 ], [ 18.107698154225265, 59.312075708632584 ], [ 18.108043041315376, 59.31185222022458 ], [ 18.108684066637743, 59.311444811770514 ], [ 18.108826942118274, 59.311415218495007 ], [ 18.109048618527567, 59.311363509316401 ], [ 18.109268031292871, 59.311337258117881 ], [ 18.109391107232401, 59.311323902307663 ], [ 18.109485951975351, 59.311347424995162 ], [ 18.110844432574574, 59.310451027075736 ], [ 18.112129884139815, 59.309602970348564 ], [ 18.113014051216151, 59.309019443917421 ], [ 18.112949943337931, 59.309002036630559 ], [ 18.113087506871661, 59.308917112567848 ], [ 18.112665668346771, 59.308932993001662 ], [ 18.112628003003504, 59.308745847617914 ], [ 18.112591235878764, 59.308563106275429 ], [ 18.112829909752968, 59.307323202929147 ], [ 18.112981119319461, 59.306551023625062 ], [ 18.112971096286, 59.306058870148171 ], [ 18.113240128593837, 59.30603560365239 ], [ 18.113350607203852, 59.305468297112284 ], [ 18.113353806478635, 59.30526883130667 ], [ 18.113395544400255, 59.305129313940732 ], [ 18.11340917517666, 59.305089810170671 ], [ 18.113415999670501, 59.305075803369746 ], [ 18.113534504202601, 59.304858334126351 ], [ 18.113581968697659, 59.304789192310288 ], [ 18.113642778548392, 59.304722737663575 ], [ 18.113716408835696, 59.304659868109859 ], [ 18.11380198207959, 59.304601032956498 ], [ 18.113898972798999, 59.30454695041135 ], [ 18.114116319087401, 59.304452778161185 ], [ 18.114186474211447, 59.304416480525411 ], [ 18.114238536157277, 59.304372650260802 ], [ 18.114271104663075, 59.304323532327686 ], [ 18.114279295610508, 59.304287710960281 ], [ 18.114266020115309, 59.304221287848634 ], [ 18.114224046243219, 59.304103080867513 ], [ 18.114186736502997, 59.304045106709879 ], [ 18.114134335930594, 59.303990281121166 ], [ 18.114065967374291, 59.303938694168743 ], [ 18.113857037570725, 59.303806287459359 ], [ 18.113641969807848, 59.303676396532659 ], [ 18.113421115477646, 59.303549111088216 ], [ 18.112961696306883, 59.303302895251228 ], [ 18.112734025166514, 59.303190513255757 ], [ 18.11213008901629, 59.302903332279143 ], [ 18.111978845202941, 59.302401899405666 ], [ 18.111974308950664, 59.302386868587952 ], [ 18.110609204510382, 59.301962081152993 ], [ 18.11097263859045, 59.30182173786023 ], [ 18.111791465951388, 59.301780826740639 ], [ 18.111550385398779, 59.301693341273392 ], [ 18.111458519534523, 59.301695426710552 ], [ 18.111146311451812, 59.301760200458567 ], [ 18.110869616378615, 59.301569709857752 ], [ 18.110792685531244, 59.301367501577197 ], [ 18.109742495728963, 59.301341030732921 ], [ 18.109506127931002, 59.301334546946997 ], [ 18.109528720074117, 59.301232237148355 ], [ 18.109082889894989, 59.301205352341917 ], [ 18.108608785914424, 59.301097398010107 ], [ 18.108317501965537, 59.301045196709175 ], [ 18.108246503940833, 59.300784805353899 ], [ 18.107634525091513, 59.300631667607618 ], [ 18.107348808698582, 59.30062650082759 ], [ 18.106889869475122, 59.300667335249962 ], [ 18.106275465795616, 59.300605208724384 ], [ 18.105845777882099, 59.300669403528474 ], [ 18.105689681852766, 59.300615304684193 ], [ 18.105488511958811, 59.300640379873215 ], [ 18.105015411486605, 59.300512976236057 ], [ 18.103926914955725, 59.300700798199379 ], [ 18.103933008824615, 59.30083965812662 ], [ 18.102188226928181, 59.30080502990549 ], [ 18.101998337452429, 59.300799790112102 ], [ 18.10198404446723, 59.300781275936359 ], [ 18.1019291289346, 59.300729085717904 ], [ 18.101886313572539, 59.30069655051458 ], [ 18.101817145378419, 59.300658404936144 ], [ 18.101749095364841, 59.300630357708087 ], [ 18.101700825277014, 59.300615221459935 ], [ 18.101712863842383, 59.300569992139962 ], [ 18.101136165662929, 59.30055819513985 ], [ 18.101152279334858, 59.300587723322195 ], [ 18.101122112799001, 59.300592787482337 ], [ 18.101043326463905, 59.300612769480679 ], [ 18.100981373937913, 59.30063355364382 ], [ 18.100902690977055, 59.300666812198862 ], [ 18.100826516133239, 59.300713149078305 ], [ 18.100783763737656, 59.300747122657484 ], [ 18.100756383876352, 59.300778290265946 ], [ 18.097292277561248, 59.300710309247606 ], [ 18.096189019433083, 59.300687664200893 ], [ 18.095490555928304, 59.300671354502583 ], [ 18.094597872535417, 59.30065682072631 ], [ 18.092435548383627, 59.30061462357488 ], [ 18.091559244328003, 59.300580800310776 ], [ 18.090756420804357, 59.300511062888887 ], [ 18.090290726256793, 59.300449763068904 ], [ 18.090072604369411, 59.300416792755648 ], [ 18.089713737439546, 59.300374925460581 ], [ 18.089230890474415, 59.300313324506895 ], [ 18.08862006578331, 59.300224962346405 ], [ 18.088155179651768, 59.300136565356077 ], [ 18.087589130301513, 59.299989813969461 ], [ 18.086630397567596, 59.299718933579179 ], [ 18.086470971739654, 59.299666121649061 ], [ 18.086438678515307, 59.299646891504061 ], [ 18.086357082370768, 59.299585320163708 ], [ 18.086321569390559, 59.299557051299324 ], [ 18.086295501678883, 59.299532065928965 ], [ 18.086268963997128, 59.299491972997586 ], [ 18.086265051491246, 59.299474038642956 ], [ 18.08626836780461, 59.299453849686188 ], [ 18.086319778307953, 59.299382098463589 ], [ 18.086548437300142, 59.299010771606092 ], [ 18.086612259460825, 59.298925220663016 ], [ 18.086685918389431, 59.298830233090285 ], [ 18.086760708758892, 59.298668639380089 ], [ 18.08679520921882, 59.298627178333298 ], [ 18.0868373585493, 59.298563768237557 ], [ 18.086892923185978, 59.298508021068542 ], [ 18.086920708593087, 59.298492602475072 ], [ 18.086924200264026, 59.298491192248832 ], [ 18.086758024627478, 59.298272178222142 ], [ 18.086427078103252, 59.29831879333581 ], [ 18.086382685500933, 59.298386225516538 ], [ 18.086295372447456, 59.298558234382121 ], [ 18.086250986115278, 59.298633224754354 ], [ 18.086175112245225, 59.298783220707605 ], [ 18.086039457854994, 59.299007222648271 ], [ 18.085912748433039, 59.299187488741225 ], [ 18.08581810193882, 59.299308440179644 ], [ 18.085741085930408, 59.299401650381995 ], [ 18.085521855207446, 59.299627882672155 ], [ 18.085485602928699, 59.299659308998066 ], [ 18.085343635878036, 59.299812553976707 ], [ 18.085252811667132, 59.299901981552374 ], [ 18.085198929675332, 59.299945584115903 ], [ 18.085050857081669, 59.300043282885611 ], [ 18.084806224994921, 59.300177026068248 ], [ 18.084780032042801, 59.300191538144716 ], [ 18.084666195175888, 59.300240396079893 ], [ 18.084362904321843, 59.300357463911702 ], [ 18.084069101790568, 59.300468083724638 ], [ 18.083887732691007, 59.300530007663724 ], [ 18.083456527666197, 59.300699316052778 ], [ 18.082925481668401, 59.300900991990261 ], [ 18.082741212235597, 59.300978451683193 ], [ 18.08204735846191, 59.301267426743976 ], [ 18.081296463824255, 59.301577683192818 ], [ 18.080963813760878, 59.301746487024303 ], [ 18.080754738835765, 59.30188030377407 ], [ 18.080389143095658, 59.302182514163867 ], [ 18.080135523121093, 59.302479946444265 ], [ 18.080002821741562, 59.302678165248125 ], [ 18.07994562379497, 59.302866110523766 ], [ 18.078993978082501, 59.3033223122995 ], [ 18.078732703238057, 59.303271803437397 ], [ 18.078035996361383, 59.303134974301337 ], [ 18.077796529468781, 59.303089173196355 ], [ 18.077707678249798, 59.303038163344375 ], [ 18.077515987581915, 59.30294000509101 ], [ 18.077403563489877, 59.30289289387138 ], [ 18.07730337988237, 59.302855762697796 ], [ 18.077174142471886, 59.302815592204219 ], [ 18.077089744978149, 59.302787273573088 ], [ 18.076930457248302, 59.302751505161609 ], [ 18.076775825220651, 59.302723186304917 ], [ 18.07654839179574, 59.302686259092475 ], [ 18.076174759305019, 59.30263329060152 ], [ 18.075938973996422, 59.302602745466736 ], [ 18.075802412546757, 59.302587519912272 ], [ 18.075360081211553, 59.302548910359633 ], [ 18.075084176338724, 59.302537649659953 ], [ 18.074051185887399, 59.302553893133386 ], [ 18.073235893093109, 59.302593095488454 ], [ 18.072249036459649, 59.302667671550736 ], [ 18.070518498498764, 59.302819620659108 ], [ 18.068692562622481, 59.303077452182542 ], [ 18.067260419674238, 59.303268797708924 ], [ 18.065896246326648, 59.303451048718294 ], [ 18.064379597442173, 59.303653684409319 ], [ 18.053973484906326, 59.305465286030369 ], [ 18.046006900498803, 59.304721509138965 ], [ 18.040680814175534, 59.306404475926591 ], [ 18.04003802203551, 59.306607559824741 ], [ 18.038693875118387, 59.307032218721943 ], [ 18.036831537499662, 59.307620559512536 ], [ 18.039773067470861, 59.309962980168635 ], [ 18.040024257238869, 59.310189788569488 ], [ 18.036555290610039, 59.31161728672523 ], [ 18.035116598863116, 59.312243826643453 ], [ 18.033264038696, 59.313053298506034 ], [ 18.031717122151893, 59.313706748561479 ], [ 18.030931913189409, 59.314038360643792 ], [ 18.030428078045166, 59.314243703743607 ], [ 18.02948888689744, 59.314542394470962 ], [ 18.026218073400177, 59.315477015113544 ], [ 18.024716950742487, 59.315814102858326 ], [ 18.024492918914046, 59.315843931534772 ], [ 18.022842822267009, 59.316071255150611 ], [ 18.02256128882264, 59.316109808927365 ], [ 18.021857618687335, 59.316188771336584 ], [ 18.021037494763632, 59.316280561923456 ], [ 18.019969043819941, 59.316400195540112 ], [ 18.017960176638084, 59.316437316746956 ], [ 18.015670019625933, 59.317252080927432 ], [ 18.013984477011274, 59.317854212028919 ], [ 18.0126015601459, 59.319443479831108 ], [ 18.009928945790083, 59.320809972636489 ], [ 18.012192537978823, 59.322256081877654 ], [ 18.014121130271111, 59.323386690867117 ], [ 18.025398355515236, 59.324055209335512 ], [ 18.026557689712181, 59.324055447939031 ], [ 18.04883311029073, 59.32406322862974 ], [ 18.056908786721763, 59.324065134858166 ], [ 18.057416096169533, 59.327044024662598 ], [ 18.059793073107912, 59.327458172718707 ], [ 18.060306582154183, 59.3275471436422 ], [ 18.060697327666357, 59.327603255891553 ], [ 18.061232972903692, 59.327664539435126 ], [ 18.061428074205203, 59.327680902648744 ], [ 18.061624756454968, 59.327692606955182 ], [ 18.061867583580579, 59.327702450395698 ], [ 18.064007139703541, 59.327685598029625 ], [ 18.065330224944464, 59.327758495204705 ], [ 18.065531196160041, 59.327777867897268 ], [ 18.065738722017969, 59.327812158328072 ], [ 18.069418295481302, 59.32881127649015 ], [ 18.069945955776891, 59.328934187574212 ], [ 18.070208778095342, 59.328966573174853 ], [ 18.070584057352239, 59.328981335047445 ], [ 18.074474965751335, 59.329069403726045 ], [ 18.077118217505195, 59.326763633522191 ], [ 18.079280590295422, 59.324811380843641 ], [ 18.084534929538851, 59.320064811080016 ], [ 18.093692218217505, 59.318709347541812 ], [ 18.101491339282511, 59.317554353842759 ], [ 18.105236079702149, 59.317577665250376 ], [ 18.109327782384231, 59.317680111774521 ] ] ] } }
]
}
